-- MySQL dump 10.9
--
-- Host: localhost    Database: w3sys
-- ------------------------------------------------------
-- Server version	4.1.20

/*!40101 SET @OLD_CHARACTER_SET_CLIENT=@@CHARACTER_SET_CLIENT */;
/*!40101 SET @OLD_CHARACTER_SET_RESULTS=@@CHARACTER_SET_RESULTS */;
/*!40101 SET @OLD_COLLATION_CONNECTION=@@COLLATION_CONNECTION */;
/*!40101 SET NAMES utf8 */;
/*!40014 SET @OLD_UNIQUE_CHECKS=@@UNIQUE_CHECKS, UNIQUE_CHECKS=0 */;
/*!40014 SET @OLD_FOREIGN_KEY_CHECKS=@@FOREIGN_KEY_CHECKS, FOREIGN_KEY_CHECKS=0 */;
/*!40101 SET @OLD_SQL_MODE=@@SQL_MODE, SQL_MODE='NO_AUTO_VALUE_ON_ZERO' */;
/*!40111 SET @OLD_SQL_NOTES=@@SQL_NOTES, SQL_NOTES=0 */;

--
-- Table structure for table `Appointment`
--

DROP TABLE IF EXISTS `Appointment`;
CREATE TABLE `Appointment` (
  `Id` bigint(20) NOT NULL auto_increment,
  `Company` bigint(20) default NULL,
  `Contact` bigint(20) default NULL,
  `Location` text,
  `Title` text,
  `Description` text,
  `Starts` datetime default NULL,
  `Stops` datetime default NULL,
  PRIMARY KEY  (`Id`)
) ENGINE=MyISAM DEFAULT CHARSET=latin1;

--
-- Dumping data for table `Appointment`
--


/*!40000 ALTER TABLE `Appointment` DISABLE KEYS */;
LOCK TABLES `Appointment` WRITE;
UNLOCK TABLES;
/*!40000 ALTER TABLE `Appointment` ENABLE KEYS */;

--
-- Table structure for table `Attachments`
--

DROP TABLE IF EXISTS `Attachments`;
CREATE TABLE `Attachments` (
  `Id` bigint(20) NOT NULL auto_increment,
  `Message` bigint(20) default NULL,
  `Task` bigint(20) default NULL,
  `Type` bigint(20) default NULL,
  `URL` text,
  `Data_Id` bigint(20) default NULL,
  `Title` text,
  `Description` text,
  `Search_String` text,
  PRIMARY KEY  (`Id`)
) ENGINE=MyISAM DEFAULT CHARSET=latin1;

--
-- Dumping data for table `Attachments`
--


/*!40000 ALTER TABLE `Attachments` DISABLE KEYS */;
LOCK TABLES `Attachments` WRITE;
INSERT INTO `Attachments` VALUES (1,-1,66,NULL,'Conversemos2.doc',NULL,'Conversemos?','I have no idea',NULL),(2,-1,121,NULL,'InTheBleak-1.pdf',NULL,'In The Bleak Mid Winter','Bleak Christmas Song',NULL),(3,-1,117,NULL,'BackupFailoverRestore.pdf',NULL,'HLD Document','Initial High Level Design in PDF',NULL),(4,-1,133,NULL,'Quote.doc',NULL,'Quote Sheet and Design','This has TOM\'s latest along with a my take on what to do.\n',NULL),(5,-1,142,NULL,'SiltaniumRepairs.doc',NULL,'Work list 1','List of changes sent 1/5/08',NULL),(6,-1,150,NULL,'TASKS.odt',NULL,'TASKS NOTES FROM MEETING','THese are my notes from my last meet w Tom',NULL);
UNLOCK TABLES;
/*!40000 ALTER TABLE `Attachments` ENABLE KEYS */;

--
-- Table structure for table `Charge`
--

DROP TABLE IF EXISTS `Charge`;
CREATE TABLE `Charge` (
  `Id` bigint(20) NOT NULL auto_increment,
  `Name` text,
  `Description` text,
  `Company` bigint(20) default NULL,
  `Project` bigint(20) default NULL,
  `Invoice` bigint(20) default NULL,
  `MyCost` double default NULL,
  `Charge` double default NULL,
  PRIMARY KEY  (`Id`)
) ENGINE=MyISAM DEFAULT CHARSET=latin1;

--
-- Dumping data for table `Charge`
--


/*!40000 ALTER TABLE `Charge` DISABLE KEYS */;
LOCK TABLES `Charge` WRITE;
INSERT INTO `Charge` VALUES (1,'Wildcard site sertivicate','Wednesday, March 26, 2008 3:38:12 PM\r\n1 Standard (Turbo) Wildcard SSL (1 Year)	$199.99\r\nGODADDY RECEIPT NUMBER:  104118014',18,49,107,199.99,199.99),(2,'PBS Auction Domains','Product Name		Unit Price	 Qty		Total Price\r\n.COM Domain Name Renewal - 1 Year	 $	9.38	1	 $	9.58\r\n    PBSAUCTION.COM	\r\n.ORG Domain Name Renewal - 1 Year	 $	9.10	1	 $	9.30\r\n    PBSAUCTION.ORG	\r\n.NET Domain Name Renewal - 1 Year	 $	9.31	1	 $	9.51\r\n    PBSAUCTION.NET	\r\n.COM Domain Name Renewal - 1 Year	 $	9.38	1	 $	9.58\r\n    PBSAUCTIONS.COM	\r\n.NET Domain Name Renewal - 1 Year	 $	9.31	1	 $	9.51\r\n    PBSAUCTIONS.NET	\r\n.ORG Domain Name Renewal - 1 Year	 $	9.10	1	 $	9.30\r\n    PBSAUCTIONS.ORG	\r\n	\r\n	Subtotal:	 $	56.78\r\n	Tax:	 $	.00\r\n	Shipping:	 $	.00\r\n	\r\n	TOTAL:	 $	56.78',18,49,107,56.78,56.78),(3,'Site Domains','Product Name		Unit Price	 Qty		Total Price\r\n.COM Domain Name Renewal - 1 Year	 $	9.38	1	 $	9.58\r\n    MGDISTRIBUTIONINC.COM	\r\n.COM Domain Name Renewal - 1 Year	 $	9.38	1	 $	9.58\r\n    GLASSFUSIONSEALANT.COM	\r\n	\r\n	Subtotal:	 $	19.16\r\n	Tax:	 $	.00\r\n	Shipping:	 $	.00\r\n	\r\n	TOTAL:	 $	19.16',5,46,-1,19.16,19.16);
UNLOCK TABLES;
/*!40000 ALTER TABLE `Charge` ENABLE KEYS */;

--
-- Table structure for table `Company`
--

DROP TABLE IF EXISTS `Company`;
CREATE TABLE `Company` (
  `Id` bigint(20) NOT NULL auto_increment,
  `Name` text,
  `Key_Contact` bigint(20) default NULL,
  `Address1` text,
  `Address2` text,
  `City` text,
  `State` text,
  `Zip` text,
  `Country` text,
  `Notes` text,
  `Last_Contacted` datetime default NULL,
  `Status` bigint(20) default NULL,
  `Open_PO` text,
  PRIMARY KEY  (`Id`)
) ENGINE=MyISAM DEFAULT CHARSET=latin1;

--
-- Dumping data for table `Company`
--


/*!40000 ALTER TABLE `Company` DISABLE KEYS */;
LOCK TABLES `Company` WRITE;
INSERT INTO `Company` VALUES (1,'Hydrospec',7,'P. O. Box 160','','Ball Ground','GA','30107','','','2006-04-12 14:58:19',12,''),(2,'ATRIUM',19,'P.O. Box 1163','','Dalton','GA','30720','','','2006-04-12 14:58:19',15,''),(3,'Splash Media',5,'820 Atkinson Dr. ','','Dalton','Georgia','30720','USA',' Put something like \'Invoice # 70 - DM\'  on email subject line .','2006-04-12 14:58:19',12,''),(4,'Southern Logistics',6,'1033 Union Grove','','Adairsville','GA','30103','','','2006-04-12 15:01:20',12,''),(5,'Siltanium Inc.',3,'6 Boorkland Drive','','Cartersville','GA','30120','USA','','2006-04-12 14:58:19',12,''),(6,'Woodhollow Cabinets',22,'3286 Dug Gap Rd Sw','','Dalton','GA','30720-4923','','','2006-04-12 14:58:19',12,''),(7,'Innovative Tech Inc',8,'P.O. Box 1163','','Dalton','GA','30722','USA','Reseller','2006-04-12 14:58:19',15,''),(8,'WTCI',0,'','','','','','','','2006-04-14 11:01:32',12,''),(9,'Northside Pediatrics',17,'333 Sandy Springs Circle','Suite 207','Atlanta','GA','30328','','','2006-04-12 14:58:19',12,''),(11,'Custom Logo Mats',9,'','','','','','','','2006-05-13 10:39:35',15,''),(14,'KleenTex',15,'1516 Orchard Hill Road ','','LaGrange','GA','30240-5767 ','USA','','2006-09-05 15:33:00',12,''),(16,'Ethnic Expressions',20,'','','Atlanta','GA','','','','2006-11-16 15:36:00',12,''),(17,'Design a Mat Inc.',21,'','','','','','','','2006-12-04 18:01:00',12,''),(18,'Auction Master LLC',24,'820 Atkinson Dr.','','Dalton','GA','30720','USA','Joint Venture','2006-12-13 20:56:00',12,''),(19,'Ruslan',25,'113 Lee Court','','Ringgold','GA','30736','','','2007-01-22 08:57:00',11,''),(20,'Kendrik Family Practice',26,'','','','','','770 987-8349 #203','770 982-2155 #203 Pam Kuffnal','2007-01-30 09:26:00',11,''),(21,'McCright and Associates',27,'200 High Street','PO Box 6038','Chattanooga','TN','37401','USA','','2007-02-09 11:00:00',12,''),(22,'Quality Connections',29,'2639 Chattanooga Road','','Rocky Face','GA','30740','USA','','2007-04-26 10:06:00',12,''),(23,'North Atlanta Kidney Specialist',31,'','','','','','','','2007-05-08 11:04:00',11,''),(24,'HOSPITALITY CARPET INDUSTRIES',32,'81 LOWY','','CHATT','GA','30705','','Initial Meeting 11:30 today.','2007-05-08 13:25:00',11,''),(25,'Glass Fusion Florida',34,'314 Forrest Crest Court','','Ocoee','FL','34761','','','2007-06-08 15:34:00',12,''),(26,'www.prowsiwebdesigns.com',36,'','','','','','','','2007-08-22 08:32:00',11,'');
UNLOCK TABLES;
/*!40000 ALTER TABLE `Company` ENABLE KEYS */;

--
-- Table structure for table `Composite_Query`
--

DROP TABLE IF EXISTS `Composite_Query`;
CREATE TABLE `Composite_Query` (
  `Id` bigint(20) NOT NULL auto_increment,
  `Site_Id` bigint(20) default NULL,
  `Name` text,
  `Select_Part` text,
  `From_Part` text,
  `Where_Part` text,
  `Group_Part` text,
  `Having_Part` text,
  `Order_Part` text,
  `Is_Workflow` int(11) default NULL,
  PRIMARY KEY  (`Id`)
) ENGINE=MyISAM DEFAULT CHARSET=latin1;

--
-- Dumping data for table `Composite_Query`
--


/*!40000 ALTER TABLE `Composite_Query` DISABLE KEYS */;
LOCK TABLES `Composite_Query` WRITE;
INSERT INTO `Composite_Query` VALUES (1,0,'Invoice','concat( proj.Id, \'-\', \r\n        date_format( current_date(), \'%d-%m-%y\' ) ), date_format(current_date(), \'%m/%d/%y\'),\r\nconcat( cntc.First, \' \', cntc.Last ), \r\ncmp.Name, \r\nconcat(cmp.Address1 , \' \',  cmp.Address2) , \r\ncmp.City , \r\ncmp.State ,cmp.Zip ,\r\nproj.Rate,   \r\nproj.Name,\r\ncntc.Phone , \r\ndate_format(proj.Actual_Start,\'%m/%d/%y\'),\r\nproj.Id','Company as cmp\r\nleft join Contact as cntc on cntc.Id=cmp.Key_Contact\r\nleft join Project as proj on proj.Company=cmp.Id \r\n','proj.Id = {{project}}','','','',0),(4,0,'Invoice Items','date_format(tm.Start, \'%m/%d/%y\') as \'Date\',\r\ntm.Hours as \'Hours/Units\', \r\ntsk.Name as \'Task\', \r\ntm.Description as \'Description\' ,\r\nproj.Rate*tm.Hours as \'Amount\'','Project as proj\r\ninner join Task as tsk on tsk.Project=proj.Id\r\ninner join Time as tm on tm.Task=tsk.Id\r\n\r\n\r\n','tm.Status = 8\nand tsk.Project = {{12}}','','','tm.Start, tsk.Name, tm.Description',0),(5,0,'Outstanding Invoice Items','proj.Name,\r\ndate_format(tm.Start, \'%m/%d/%y\') as \'Date\',\r\ntm.Hours as \'Hours/Units\', \r\ntsk.Name as \'Task\', \r\ntm.Description as \'Description\' ,\r\nproj.Rate*tm.Hours as \'Amount\'','Project as proj\r\ninner join Task as tsk on tsk.Project=proj.Id\r\ninner join Time as tm on tm.Task=tsk.Id\r\n\r\n\r\n','tm.Status < 10','','','tm.Start',0),(6,0,'Test Form','concat( proj.Id, \'-\', \r\n        date_format( current_date(), \'%d-%m-%y\' ) ) as invoice_no, date_format(current_date(), \'%m/%d/%y\') as invoice_date,\r\nconcat( cntc.First, \' \', cntc.Last ) as contact, \r\ncmp.Name as company, \r\nconcat(cmp.Address1 , \' \',  cmp.Address2) as address, \r\ncmp.City as city, \r\ncmp.State as state, cmp.Zip as zip,\r\nproj.Rate as rate,   \r\nproj.Name as project,\r\ncntc.Phone as phone, \r\ndate_format(proj.Actual_Start,\'%m/%d/%y\') as start_date,\r\nproj.Id','Company as cmp\r\ninner join Contact as cntc on cntc.Id=cmp.Key_Contact\r\ninner join Project as proj on proj.Company=cmp.Id \r\n','proj.Id = {{project}}','','','',0),(7,0,'Invoice Records','concat( inv.Id, \'-\', \r\n        date_format( inv.Invoice_Date, \'%d-%m-%y\' ) ), date_format(inv.Invoice_Date, \'%m/%d/%y\'),\r\nconcat( cntc.First, \' \', cntc.Last ), \r\ncmp.Name, \r\nconcat(cmp.Address1 , \' \',  cmp.Address2) , \r\ncmp.City , \r\ncmp.State ,cmp.Zip ,\r\nproj.Rate,   \r\nproj.Name,\r\ncntc.Phone , \r\ndate_format(proj.Actual_Start,\'%m/%d/%y\'),\r\ninv.Id','Invoice as inv\ninner join Project as proj on proj.Id = inv.Project\nleft join Company as cmp on proj.Company=cmp.Id \nleft join Contact as cntc on cntc.Id=inv.Contact\n\n','inv.Id = {{invoice}}','','','',0),(8,0,'New Invoice Items','date_format(tm.Start, \'%m/%d/%y\') as \'Date\',\r\ntm.Hours as \'Hours/Units\', \r\ntsk.Name as \'Task\', \r\ntm.Description as \'Description\' ,\r\nproj.Rate*tm.Hours as \'Amount\'','Invoice inv\ninner join Project as proj on proj.Id = inv.Project\ninner join Time as tm on tm.Invoice=inv.Id\ninner join Task as tsk on tsk.Id=tm.Task\n\n\n','inv.Id = {{12}}','','','tm.Start, tsk.Name, tm.Description',0),(9,0,'Due Invoice Items','cmp.Name, proj.Name,\r\ndate_format(tm.Start, \'%m/%d/%y\') as \'Date\',\r\ntm.Hours as \'Hours/Units\', \r\ntsk.Name as \'Task\', \r\ntm.Description as \'Description\' ,\r\nproj.Rate*tm.Hours as \'Amount\'','Company as cmp \n\ninner join Task as tsk on tsk.Project=proj.Id\ninner join Time as tm on tm.Task=tsk.Id\ninner join Invoice as inv on inv.Id = tm.Invoice\ninner join Project as proj on proj.Id = inv.inner join Project as proj on proj.Company = cmp.Project\n','inv.Status = 9\n','','','cmp.Name, proj.Name,\r\ntm.Start, tsk.Name, tm.Description',0),(10,0,'Estimate','proj.Name as \'Project\',  \r\ntsk.Name as \'Task\', \r\nconcat( \'<pre>\',tsk.Description, \'</pre>\') as \'Work\', \r\ntsk.Estimated_Time as \'Estimated Hours\',\r\nproj.Rate*tsk.Estimated_Time as \'Estimated Cost\'','Project as proj\r\ninner join Task as tsk on tsk.Project=proj.Id\r\ninner join Status as sts on tsk.Status = sts.Id\r\n','sts.Name=\'Estimate\' and proj.Id = {{project}}','','','',0),(11,0,'Status','*','Status','','','','',0),(12,0,'Paid Invoice Items','cmp.Name as Company, proj.Name as Project, tm.Invoice,\ndate_format(tm.Start, \'%m/%d/%y\') as \'Date\',\ntm.Hours as \'Hours/Units\', \ntsk.Name as \'Task\', \ntm.Description as \'Description\' ,\nproj.Rate*tm.Hours as \'Amount\',i.Invoice_Date','Project as proj\ninner join Company cmp on cmp.Id = proj.Company\ninner join Task as tsk on tsk.Project=proj.Id\ninner join Time as tm on tm.Task=tsk.Id\ninner join Invoice i on i.Id = tm.Invoice\n\n\n','tm.Status = 10 and year(i.Invoice_Date) = \'{DATE}\'','','','1,2,3,4',0),(13,0,'Need to Invoice','cmp.Name as \'Company\', proj.Name as \'Project\' , proj.Id as \'Project Id\', cmp.Id as \'Company Id\', sum(tm.Hours) as \'Hours\', \r\nsum( proj.Rate*tm.Hours) as \'Amount\'','Project as proj\r\ninner join Company cmp on cmp.Id = proj.Company\r\ninner join Task as tsk on tsk.Project=proj.Id\r\ninner join Time as tm on tm.Task=tsk.Id\r\ninner join Status sts on sts.Id = tm.Status\r\n\r\n\r\n','tm.Invoice < 1 and sts.Prog_Enum = 110','1,2,3,4','Amount > 0','1,2',0),(14,0,'Invoices ready to Send','inv.Id, \nconcat( cntc.First, \' \', cntc.Last ) as \'Contact\', \ncmp.Name as \'Company\', \nconcat(cmp.Address1 , \' \',  cmp.Address2) as \'Address\', \ncmp.City , \ncmp.State ,cmp.Zip ,\nproj.Rate,   \nproj.Name,\ncntc.Phone , \ndate_format(proj.Actual_Start,\'%m/%d/%y\') as \'Started\',\ninv.Id, inv.Id\n','Invoice as inv\ninner join Project as proj on proj.Id = inv.Project\ninner join Status as sts  on sts.Id = inv.Status\nleft join Company as cmp on proj.Company=cmp.Id \nleft join Contact as cntc on cntc.Id=cmp.Key_Contact\n\n','sts.Prog_Enum = 110','','','',0),(15,0,'Work over Time','date_format(tm.Start, \'%m/%d/%y\') as \'Date\',\nconcat(cmp.Name, \' - \', proj.Name) as \'Company and Project\',\ntm.Hours as \'Hours/Units\', \ntsk.Name as \'Task\', \ntm.Description as \'Description\' ,\nproj.Rate*tm.Hours as \'Amount\', \ntm.Invoice','Project as proj\ninner join Company cmp on cmp.Id = proj.Company\ninner join Task as tsk on tsk.Project=proj.Id\ninner join Time as tm on tm.Task=tsk.Id\n\n\n','','','','tm.Start desc, 2,3,4',0),(16,0,'Invoiced Recievables ','inv.Id, \nconcat( cntc.First, \' \', cntc.Last ) as \'Contact\', \ncmp.Name as \'Company\', \nconcat(cmp.Address1 , \' \',  cmp.Address2) as \'Address\', \ncmp.City , \ncmp.State ,cmp.Zip ,\nproj.Rate,   \nproj.Name,\ncntc.Phone , \ndate_format(proj.Actual_Start,\'%m/%d/%y\') as \'Started\',\ninv.Id, inv.Id\n','Invoice as inv\ninner join Project as proj on proj.Id = inv.Project\ninner join Status as sts  on sts.Id = inv.Status\nleft join Company as cmp on proj.Company=cmp.Id \nleft join Contact as cntc on cntc.Id=cmp.Key_Contact\n\n','sts.Prog_Enum = 120','','','',0),(17,0,'Invoice Item Union','date_format(tm.Start, \'%m/%d/%y\') as \'Date\',\ntm.Hours as \'Hours/Units\', \ntsk.Name as \'Item\', \ntm.Description as \'Description\' ,\nproj.Rate*tm.Hours as \'Amount\'\nfrom\nInvoice inv\ninner join Project as proj on proj.Id = inv.Project\ninner join Time as tm on tm.Invoice=inv.Id\ninner join Task as tsk on tsk.Id=tm.Task \nwhere inv.Id = {{12}}\nunion \nselect \ndate_format(inv.Invoice_Date, \'%m/%d/%y\') as \'Date\',\n0.0 as \'Hours/Units\', \nc.Name as \'Item\', \nc.Description as \'Description\' ,\nc.Charge as \'Amount\'\nfrom\nInvoice inv\ninner join Charge c on c.Invoice = inv.Id\nwhere inv.Id = {{12}}\nunion \nselect \ndate_format(h.To_Date, \'%m/%d/%y\') as \'Date\',\n0.0 as \'Hours/Units\',\nconcat( ((year(To_Date) - year(From_Date))*12 + month(To_Date) - month(From_Date)),\n\' months web hosting\' ) as \'Item\',\nh.Site_URL  as \'Description\' ,\nh.Charge as \'Amount\'\nfrom\nInvoice inv\ninner join Hosting h on inv.Id = h.Invoice\nwhere inv.Id = {{12}}\norder by 1,3','','','','','',0);
UNLOCK TABLES;
/*!40000 ALTER TABLE `Composite_Query` ENABLE KEYS */;

--
-- Table structure for table `Contact`
--

DROP TABLE IF EXISTS `Contact`;
CREATE TABLE `Contact` (
  `Id` bigint(20) NOT NULL auto_increment,
  `First` text,
  `Last` text,
  `Prefix` text,
  `Phone` text,
  `Mobile` text,
  `Email` text,
  `Fax` text,
  `Home_Phone` text,
  `Company` bigint(20) default NULL,
  `Password` text,
  PRIMARY KEY  (`Id`)
) ENGINE=MyISAM DEFAULT CHARSET=latin1;

--
-- Dumping data for table `Contact`
--


/*!40000 ALTER TABLE `Contact` DISABLE KEYS */;
LOCK TABLES `Contact` WRITE;
INSERT INTO `Contact` VALUES (1,'Shawn','','','706 280-4905','','','','',3,''),(2,'Randy','','','','','','','',12,''),(3,'Tom','McNiff','','770 231-7225','770 231-7225','tommcniff@msn.com','770-387-2728','',5,''),(4,'George','','','706 280-4905','','','','',3,''),(5,'Steve','Grass','','706 280-4905','','','','',3,''),(6,'Lawrence','Cole','','706 624-4388','','','','',4,''),(7,'Christopher','Geist','','770 345-3406 x224','770-617-3575','cgeist@hydrospec.com','','',1,''),(8,'Chris','Bond','','706-673-9239','','','','',7,''),(9,'Danny','Pilzer','','','404 441-7537','','','',11,''),(10,'Rita','','','','','','','',11,''),(20,'Eric','Johnson','','','678 427-5966','','','',16,''),(18,'Vicky','Tittle','','404.705.8990 x110','','','','',9,''),(15,'Peter','Bennington','','800.241.2323.1229 ','','pnbinnington@kleen-tex.com','','',14,''),(16,'Jim','Levesque','Sales & Marketing','800.241.2323.1272','','jclevesque@kleen-tex.com','','',14,''),(17,'Nancy','Gilbride','','404.705.8990 x104','','','','',9,''),(19,'Holly','Miller','Office Manager','','','hmiller@atriumimaginggroup.com','','',2,''),(21,'Danny','Pilzer','','','404 441-7537','dpilzer@comcast.net','','',17,''),(22,'Charles','Brogdon','','(706) 272-3797','706.463.1560','charles@woodhollowcabinets.com','','',6,''),(23,'PLEASE CHOOSE','','','','','','','',26,''),(24,'Steve','Grass','','706 280-4905','','','','',18,''),(25,'Ruslan','Popovych','','','','','','',19,''),(26,'Pam','Kuffnal','','770 987-8349 #203','','','','',20,''),(27,'Huy','LeQuan','','423.267.1300','423.321.2257','hlequan@mccright.com','','',21,''),(28,'Andy','Falter','','','','andy.falter@wosu.org','','',18,''),(29,'Mike','Cook','','','','mike@qualityconnections.net','','',22,''),(30,'Stan','McCright','','423.267.1300','423-280-5133','smccri5673@aol.com','','',21,''),(31,'Andrea','Jordan','','404-252-0256 ex 212','','','','',23,''),(32,'Howard & Kelly Jeanise','Adler','','706 517 6362 X0','','hcicares@hughs.net','','',24,''),(33,'Mellissa','Grantier','','','','milg.art@earthlink.net','','',25,''),(34,'Mark','Grantier','','321-287-0303','','Mark Grantier <grantier@earthlink.net>','866-288-6958','',25,''),(35,'Harold ','Osmon','',' x1248','','heosmon@kleen-tex.com ','','',14,''),(36,'Gary ','Driskill','','770 795-9897','','gary@prowsiwebdesigns.com','','',26,''),(37,'Tripp ','','','','423.503.8425','trippshelnutt@sent.com','','',2,'');
UNLOCK TABLES;
/*!40000 ALTER TABLE `Contact` ENABLE KEYS */;

--
-- Table structure for table `Form_Data`
--

DROP TABLE IF EXISTS `Form_Data`;
CREATE TABLE `Form_Data` (
  `Id` bigint(20) NOT NULL auto_increment,
  `Form_Label_Id` bigint(20) default NULL,
  `form_name` text,
  `sent` datetime default NULL,
  `recipient` text,
  `is_read` int(11) default NULL,
  `read_on` datetime default NULL,
  `data_a` text,
  `data_b` text,
  `data_c` text,
  `data_d` text,
  `data_e` text,
  `data_f` text,
  `data_g` text,
  `data_h` text,
  `data_i` text,
  `data_j` text,
  `data_k` text,
  `data_l` text,
  `data_m` text,
  `data_n` text,
  `data_o` text,
  `data_p` text,
  `data_q` text,
  `data_r` text,
  `data_s` text,
  `data_t` text,
  `data_u` text,
  `data_v` text,
  `data_w` text,
  PRIMARY KEY  (`Id`)
) ENGINE=MyISAM DEFAULT CHARSET=latin1;

--
-- Dumping data for table `Form_Data`
--


/*!40000 ALTER TABLE `Form_Data` DISABLE KEYS */;
LOCK TABLES `Form_Data` WRITE;
INSERT INTO `Form_Data` VALUES (1,1,'test','2008-01-05 20:09:57','davidmc',0,'2008-01-05 20:09:57','test','doo','davidmc@w3sys.com','','','','','','','','','','','','','','','','','','','','');
UNLOCK TABLES;
/*!40000 ALTER TABLE `Form_Data` ENABLE KEYS */;

--
-- Table structure for table `Form_Label`
--

DROP TABLE IF EXISTS `Form_Label`;
CREATE TABLE `Form_Label` (
  `Id` bigint(20) NOT NULL auto_increment,
  `form_name` text,
  `label_a` text,
  `label_b` text,
  `label_c` text,
  `label_d` text,
  `label_e` text,
  `label_f` text,
  `label_g` text,
  `label_h` text,
  `label_i` text,
  `label_j` text,
  `label_k` text,
  `label_l` text,
  `label_m` text,
  `label_n` text,
  `label_o` text,
  `label_p` text,
  `label_q` text,
  `label_r` text,
  `label_s` text,
  `label_t` text,
  `label_u` text,
  `label_v` text,
  `label_w` text,
  PRIMARY KEY  (`Id`)
) ENGINE=MyISAM DEFAULT CHARSET=latin1;

--
-- Dumping data for table `Form_Label`
--


/*!40000 ALTER TABLE `Form_Label` DISABLE KEYS */;
LOCK TABLES `Form_Label` WRITE;
INSERT INTO `Form_Label` VALUES (1,'test','name','Name','Email','','','','','','','','','','','','','','','','','','','','');
UNLOCK TABLES;
/*!40000 ALTER TABLE `Form_Label` ENABLE KEYS */;

--
-- Table structure for table `Hosting`
--

DROP TABLE IF EXISTS `Hosting`;
CREATE TABLE `Hosting` (
  `Id` bigint(20) NOT NULL auto_increment,
  `Company` bigint(20) default NULL,
  `Invoice` bigint(20) default NULL,
  `From_Date` date default NULL,
  `To_Date` date default NULL,
  `Site_URL` text,
  `Billing_Interval` int(11) default NULL,
  `Charge_Per_Month` double default NULL,
  `Charge` double default NULL,
  PRIMARY KEY  (`Id`)
) ENGINE=MyISAM DEFAULT CHARSET=latin1;

--
-- Dumping data for table `Hosting`
--


/*!40000 ALTER TABLE `Hosting` DISABLE KEYS */;
LOCK TABLES `Hosting` WRITE;
INSERT INTO `Hosting` VALUES (1,4,-1,'2007-08-01','2008-08-01','www.southernlogistic.com',6,25,300),(2,1,108,'2007-05-01','2008-04-01','www.hydrospec.net',6,25,275),(3,17,109,'2007-09-01','2008-04-01','www.designmymat.net',6,25,175),(4,5,111,'2007-05-01','2008-08-19','www.siltanium.com',6,25,375),(5,6,-1,'2007-05-01','2008-04-01','www.woodhollowcabinets.com',6,25,275),(6,24,-1,'2007-09-01','2008-04-01','www.hsopitalitycarpetind.com',6,25,175);
UNLOCK TABLES;
/*!40000 ALTER TABLE `Hosting` ENABLE KEYS */;

--
-- Table structure for table `Invoice`
--

DROP TABLE IF EXISTS `Invoice`;
CREATE TABLE `Invoice` (
  `Id` bigint(20) NOT NULL auto_increment,
  `Company` bigint(20) default NULL,
  `Project` bigint(20) default NULL,
  `Contact` bigint(20) default NULL,
  `Notes` text,
  `Invoice_Date` date default NULL,
  `Invoice_Time` time default NULL,
  `Status` bigint(20) default NULL,
  `Paid_Date` date default NULL,
  PRIMARY KEY  (`Id`)
) ENGINE=MyISAM DEFAULT CHARSET=latin1;

--
-- Dumping data for table `Invoice`
--


/*!40000 ALTER TABLE `Invoice` DISABLE KEYS */;
LOCK TABLES `Invoice` WRITE;
INSERT INTO `Invoice` VALUES (1,3,2,5,'','2006-07-31','11:00:00',10,'0000-00-00'),(4,7,14,8,'Disputed by Chris,\r\nSet the billable amount = 0 and marked no-charge.\r\nFacts:\r\nCustomer asked for design,\r\nI provided,\r\nCustomer liked then changed mind.\r\nNever got very good feedback from AMY.\r\n\r\n','2006-10-02','22:10:00',18,'0000-00-00'),(2,7,16,12,'','2006-08-22','20:22:00',10,'0000-00-00'),(3,7,17,8,'','2006-07-31','20:49:00',10,'0000-00-00'),(5,7,12,8,'','2006-08-22','22:10:00',10,'0000-00-00'),(6,7,1,8,'','2006-07-31','22:12:00',10,'2006-07-31'),(7,4,18,6,'','2006-07-31','22:16:00',10,'2006-07-31'),(8,3,20,5,'','2006-08-22','14:07:00',10,'2006-08-22'),(10,7,17,8,'','2006-08-22','14:12:00',10,'0000-00-00'),(11,3,10,5,'','2006-08-22','14:18:00',10,'2006-08-22'),(12,1,1,-1,'','0000-00-00','09:14:00',10,'0000-00-00'),(13,3,21,-1,'','0000-00-00','14:23:00',18,'0000-00-00'),(14,3,20,5,'','2006-09-15','14:24:00',10,'0000-00-00'),(16,3,2,-1,'','2006-09-15','14:27:00',10,'0000-00-00'),(17,3,10,-1,'','2006-09-15','12:11:00',10,'2006-09-15'),(18,7,16,8,'pd chk 1916','2006-09-29','10:29:00',10,'2006-09-29'),(19,3,2,5,'1st half of under the radar','2006-10-11','11:28:00',10,'2006-11-25'),(23,3,2,5,'Second half of 10/11 invoice, broken out for under radar','2006-10-19','10:31:02',10,'0000-00-00'),(21,3,10,-1,'','2007-02-08','11:30:00',10,'2006-09-29'),(22,7,17,8,'Pd Chk # 1916','2006-10-02','07:06:00',10,'2006-10-02'),(24,14,22,-1,'First Invoice','2006-10-19','17:09:00',10,'2006-10-19'),(26,3,2,5,'Work done before production lock down (Part A)','2006-12-04','08:07:33',10,'2006-12-12'),(27,5,6,3,'','2006-12-04','16:46:00',10,'2007-01-02'),(28,1,23,7,'Spell Checking and Email, initial image upload handling.','2007-01-08','12:53:00',10,'0000-00-00'),(29,3,2,5,'Work done before production lock down (Part B)','2006-12-04','08:07:00',10,'2006-12-12'),(30,9,26,18,'','2006-12-06','18:30:00',10,'2006-12-05'),(31,14,24,15,'','2007-01-08','11:58:00',10,'2006-12-11'),(32,6,19,22,'','2007-01-08','08:20:00',10,'2007-01-08'),(33,18,30,24,'Initial work in porting PBS Auction','2007-01-15','09:18:00',10,'2007-01-15'),(34,3,2,5,'','2007-01-15','09:31:00',10,'2007-01-15'),(35,3,2,5,'LMS Changes, Login, Site Replication to Dal Tile and Unilin','2007-01-22','09:31:00',10,'0000-00-00'),(36,1,23,7,'Daily Inspection, Weekly Inspection Changes and Email Support','2007-02-09','21:52:00',10,'2007-02-23'),(65,21,36,30,'','2007-06-20','08:12:00',10,'0000-00-00'),(39,19,33,25,'','2007-01-22','09:05:00',10,'2007-01-22'),(40,3,2,5,'','2007-01-29','09:49:07',10,'0000-00-00'),(42,5,35,3,'','2007-02-27','21:38:00',10,'0000-00-00'),(43,21,36,27,'','2007-03-09','09:50:00',10,'2007-03-09'),(44,5,35,3,'Rework of preceding project, added Company and Contact types \'Self\' and Vendor.  Added Job Area form.\r\nCompletely rebuilt 0-11, 0-12 and 0-13 forms','2007-03-21','09:24:00',10,'0000-00-00'),(45,14,11,15,'Affiliate Engine, Preliminary Line of Credit work.  Support new pages.\r\n(I think it\'s paid, check with Billie.)','2007-03-21','10:02:00',10,'2007-03-21'),(46,3,10,-1,'','2007-03-21','10:12:00',10,'2007-03-21'),(47,18,37,24,'','2007-03-21','10:15:00',10,'2007-03-21'),(48,18,30,-1,'','2007-03-21','10:21:00',10,'2007-03-21'),(66,3,2,5,'','2007-06-20','11:11:00',10,'0000-00-00'),(50,3,2,5,'','2007-04-12','14:27:00',10,'2007-04-04'),(51,3,10,-1,'','2007-04-12','13:38:00',10,'2007-04-12'),(52,3,38,5,'','2007-04-12','13:45:00',10,'2007-04-12'),(53,21,36,27,'','2007-04-12','13:47:00',10,'2007-04-12'),(54,1,23,7,'Daily Report Enhancements and Improved Installation program.','2007-05-14','15:51:00',10,'0000-00-00'),(55,3,2,5,'Really 05-08,\r\nI goofed!','2007-05-14','08:24:00',10,'0000-00-00'),(56,6,19,22,'','2007-05-14','08:25:00',10,'0000-00-00'),(57,21,36,30,'Support Contract','2007-05-08','07:56:00',10,'0000-00-00'),(58,21,36,30,'','2007-05-21','13:35:00',10,'0000-00-00'),(59,18,40,24,'','2007-05-14','13:36:00',10,'0000-00-00'),(61,3,2,5,'','2007-05-14','19:30:10',10,'0000-05-14'),(62,3,2,5,'','2007-06-02','14:01:00',10,'0000-00-00'),(63,18,40,24,'','2007-06-02','14:03:00',10,'0000-00-00'),(64,21,36,30,'','2007-06-02','14:16:00',10,'0000-00-00'),(67,3,2,5,'','2007-07-07','12:10:00',10,'0000-00-00'),(68,3,10,5,'','2007-07-07','07:54:00',10,'0000-00-00'),(69,18,37,24,'','2007-07-07','07:56:00',10,'0000-00-00'),(70,18,32,24,'','2007-07-07','08:00:00',10,'0000-00-00'),(71,18,40,24,'','2007-07-07','08:00:00',10,'0000-00-00'),(72,21,36,30,'','2007-07-07','08:27:00',10,'0000-00-00'),(73,1,23,7,'','2007-07-07','08:38:00',10,'0000-00-00'),(74,21,36,30,'','2007-07-13','14:50:00',10,'0000-00-00'),(75,3,10,5,'','2007-07-13','15:03:00',10,'0000-00-00'),(76,3,2,-1,'','2007-07-13','15:10:00',10,'0000-00-00'),(77,3,2,5,'','2007-07-20','18:36:00',10,'0000-00-00'),(78,21,36,30,'','2007-07-20','18:42:00',10,'0000-00-00'),(79,22,39,29,'','2007-07-20','18:48:00',10,'0000-00-00'),(80,14,11,15,'','2007-07-20','18:53:00',10,'0000-00-00'),(81,3,2,5,'','2007-07-30','23:34:00',10,'0000-00-00'),(82,21,36,30,'','2007-07-30','23:35:00',10,'0000-00-00'),(83,21,36,30,'','2007-08-03','12:27:00',10,'0000-00-00'),(84,1,23,7,'','2007-08-03','13:39:00',10,'0000-00-00'),(85,24,42,-1,'','2007-08-20','17:37:00',10,'0000-00-00'),(86,25,43,34,'','2007-08-03','17:38:00',10,'0000-00-00'),(87,18,30,24,'','2007-09-16','17:40:00',10,'0000-00-00'),(88,3,2,5,'','2007-08-03','17:42:00',10,'0000-00-00'),(89,3,10,5,'','2007-08-03','17:42:00',10,'0000-00-00'),(90,14,11,15,'','2007-08-03','17:43:00',10,'0000-00-00'),(91,3,2,5,'','2007-08-10','17:32:00',10,'0000-00-00'),(92,26,44,36,'','2007-09-16','16:39:00',10,'0000-00-00'),(93,3,2,5,'','2007-09-16','16:49:00',10,'0000-00-00'),(94,1,23,7,'','2007-09-16','16:56:00',10,'0000-00-00'),(95,5,48,3,'','2007-11-28','19:22:00',10,'0000-00-00'),(96,1,23,7,'','2007-11-28','19:55:00',10,'2008-04-20'),(97,5,35,3,'','2007-12-04','07:47:00',10,'0000-00-00'),(98,1,47,7,'','2008-02-09','05:15:00',10,'2008-04-20'),(99,18,30,24,'','2008-02-09','05:16:00',10,'0000-00-00'),(100,5,46,3,'','2008-01-29','08:49:00',10,'2008-03-08'),(101,3,2,-1,'','0000-00-00','19:12:00',18,'0000-00-00'),(102,3,45,-1,'','2008-02-09','19:12:00',10,'0000-00-00'),(103,14,11,-1,'','2008-02-10','19:50:00',10,'0000-00-00'),(104,18,30,-1,'','2008-03-04','08:17:00',10,'2008-03-19'),(105,5,46,3,'','2008-03-04','08:05:00',10,'2008-03-08'),(106,5,46,3,'','2008-03-17','19:00:00',10,'2008-04-22'),(107,18,49,24,'','2008-04-12','12:35:00',10,'2008-06-30'),(108,1,47,7,'','2008-04-20','23:23:00',10,'2008-04-12'),(109,17,28,21,'','2008-04-12','14:15:00',10,'2008-06-30'),(110,18,49,-1,'','2008-04-30','22:30:00',10,'2008-06-30'),(111,5,46,3,'','2008-08-19','11:17:00',9,'0000-00-00');
UNLOCK TABLES;
/*!40000 ALTER TABLE `Invoice` ENABLE KEYS */;

--
-- Table structure for table `Material_Accounting`
--

DROP TABLE IF EXISTS `Material_Accounting`;
CREATE TABLE `Material_Accounting` (
  `Id` bigint(20) NOT NULL auto_increment,
  `Name` text,
  `Vendor` bigint(20) default NULL,
  `Project` bigint(20) default NULL,
  `Invoice` bigint(20) default NULL,
  `Cost` double default NULL,
  `Gain` double default NULL,
  `Units` int(11) default NULL,
  `Status` bigint(20) default NULL,
  PRIMARY KEY  (`Id`)
) ENGINE=MyISAM DEFAULT CHARSET=latin1;

--
-- Dumping data for table `Material_Accounting`
--


/*!40000 ALTER TABLE `Material_Accounting` DISABLE KEYS */;
LOCK TABLES `Material_Accounting` WRITE;
UNLOCK TABLES;
/*!40000 ALTER TABLE `Material_Accounting` ENABLE KEYS */;

--
-- Table structure for table `Messages`
--

DROP TABLE IF EXISTS `Messages`;
CREATE TABLE `Messages` (
  `Id` bigint(20) NOT NULL auto_increment,
  `Subject` text,
  `From_Id` bigint(20) default NULL,
  `To_Id` bigint(20) default NULL,
  `Importance` int(11) default NULL,
  `Content` text,
  `From_String` text,
  `To_String` text,
  `Company` bigint(20) default NULL,
  `Project` bigint(20) default NULL,
  `Task` bigint(20) default NULL,
  `Author` bigint(20) default NULL,
  `Created` datetime default NULL,
  PRIMARY KEY  (`Id`)
) ENGINE=MyISAM DEFAULT CHARSET=latin1;

--
-- Dumping data for table `Messages`
--


/*!40000 ALTER TABLE `Messages` DISABLE KEYS */;
LOCK TABLES `Messages` WRITE;
INSERT INTO `Messages` VALUES (1,'Henry',1,2,2,'Poor Henry','','',0,0,0,1,'2007-03-06 07:59:31'),(2,'Hey',1,2,1,'Hey','','',0,0,95,1,'2007-03-06 08:12:01'),(3,'Beer',1,2,1,'<p>Hey where is the beer?</p><p>You got any?</p>','','',0,0,121,1,'2007-04-18 06:36:50'),(4,'TO DO',1,1,1,'<p>HTMLDoc test&nbsp; suppress cookie on reports.cgi through HTML DOC</p><p>GET / RESTORE LATEST DATABASE DUMP</p><p>SWITCH INET ENTRIES ON BOTH BOXES&nbsp;</p><p>&nbsp;</p><p>&nbsp;</p>','','',0,0,117,1,'2007-05-12 11:03:19'),(5,'Setup Info new server',1,1,1,'<font face=\"Verdana, Arial, Helvetica\" size=\"2\"> Hi!<br /> <br /> Thanks for ordering a dedicated server from ServerPoint.com. We hope that you enjoy our service and reliability, and that you continue with us for a long time to come. We also want you to know that we are here working more than full time to make sure that the service we provide you is of the highest quality, so that your website grows and your customers/visitors keep coming back.<!-- D([\"mb\",\"u003cbr> u003cbr> Remember that we are always here to help you with any problem you may have with your hosting account. If you have any problems and wish to contact us, please login to our ticket system at:u003cbr> u003cbr> u003ca hrefu003d\"https://secure.serverpoint.com/tickets/\" targetu003d\"_blank\" onclicku003d\"return top.js.OpenExtLink(window,event,this)\">https://secure.serverpoint.comu003cWBR>/tickets/u003c/a>u003cbr> u003cbr> We also want to hear your opinions and suggestions. Our service keeps improving thanks to the feedback of our customers. Anytime you have something to say, let us know. All suggestions and/or complaints are personally taken into consideration by the top management and system administrators of the company, so that improvements and decisions are made immediately.u003cbr> u003cbr> Now, your server has been built, configured and thoroughly tested for reliability and performance. Your password is:u003cbr> u003cbr> Username: rootu003cbr> Password: hWe3I2L65u003cbr> u003cbr> IP number(s): u003ca hrefu003d\"http://64.235.56.162\" targetu003d\"_blank\" onclicku003d\"return top.js.OpenExtLink(window,event,this)\">64.235.56.162u003c/a> - u003ca hrefu003d\"http://64.235.56.163\" targetu003d\"_blank\" onclicku003d\"return top.js.OpenExtLink(window,event,this)\">64.235.56.163u003c/a>u003cbr> u003cbr> There is also a web based control panel to help you manage your account with ServerPoint.com and to manage special services provided by us. It is located at:u003cbr> u003cbr> u003ca hrefu003d\"http://www.apluspanel.com\" targetu003d\"_blank\" onclicku003d\"return top.js.OpenExtLink(window,event,this)\">http://www.apluspanel.comu003c/a>u003cbr> u003cbr> You can login with the following username and password:u003cbr> u003cbr> username: splash02u003cbr> password: hWe3I2L65u003cbr> u003cbr> Please be aware that your login information to this software will be enabled within the next 7 days. Access to this area is not necessary for you to manage your server.u003cbr> u003cbr> As an addition to our service, we provide with your very own MRTG graphs which are used to monitor the bandwidth activity of your server. You will receive the link to your MRTG graph within a few days.u003cbr> u003cbr> If you have any questions, don&#39;t hesitate to contact us.\",1] );  //--><br /> <br />  Remember that we are always here to help you with any problem you may have with your <span class=\"st\">hosting</span> account. If you have any problems and wish to contact us, please login to our ticket system at:<br /> <br /> <a href=\"https://secure.serverpoint.com/tickets/\" target=\"_blank\" onclick=\"return top.js.OpenExtLink(window,event,this)\">https://secure.serverpoint.com/tickets/</a><br /> <br /> We also want to hear your opinions and suggestions. Our service keeps improving thanks to the feedback of our customers. Anytime you have something to say, let us know. All suggestions and/or complaints are personally taken into consideration by the top management and system administrators of the company, so that improvements and decisions are made immediately.<br /> <br /> Now, your server has been built, configured and thoroughly tested for reliability and performance. Your password is:<br /> <br /> Username: root<br /> Password: hWe3I2L65<br /> <br /> IP number(s): <a href=\"http://64.235.56.162/\" target=\"_blank\" onclick=\"return top.js.OpenExtLink(window,event,this)\">64.235.56.162</a> - <a href=\"http://64.235.56.163/\" target=\"_blank\" onclick=\"return top.js.OpenExtLink(window,event,this)\">64.235.56.163</a><br /> <br /> There is also a web based control panel to help you manage your account with ServerPoint.com and to manage special services provided by us. It is located at:<br /> <br /> <a href=\"http://www.apluspanel.com/\" target=\"_blank\" onclick=\"return top.js.OpenExtLink(window,event,this)\">http://www.apluspanel.com</a><br /> <br /> You can login with the following username and password:<br /> <br /> username: splash02<br /> password: hWe3I2L65<br /> <br /> Please be aware that your login information to this software will be enabled within the next 7 days. Access to this area is not necessary for you to manage your server.<br /> <br /> As an addition to our service, we provide with your very own MRTG graphs which are used to monitor the bandwidth activity of your server. You will receive the link to your MRTG graph within a few days.<br /> <br /> If you have any questions, don&#39;t hesitate to contact us.<!-- D([\"mb\",\"u003cbr> u003cbr> Before emailing for technical support questions, please make sure to read our Dedicated / Colocation Support Procedures page to know what type of support ServerPoint.com will provide for your brand new dedicated server.u003cbr> u003cbr> u003ca hrefu003d\"http://serverpoint.com/english/support-dedi-procedures.phtml\" targetu003d\"_blank\" onclicku003d\"return top.js.OpenExtLink(window,event,this)\">http://serverpoint.com/englishu003cWBR>/support-dedi-procedures.phtmlu003c/a>u003cbr> u003cbr> We wish you good luck and success,u003cbr> u003cbr> The hard working team at ServerPoint.comu003cbr> u003cbr> :)u003cbr> u003cbr> p.s.: Please do not reply to this email.u003cbr> ____________________________u003cbr> Customer Support Department :)u003c/font>u003c/blockquote>u003c/div>u003cbr>u003c/div>\",0] ); D([\"ce\"]);  //--><br /> <br /> Before emailing for technical support questions, please make sure to read our Dedicated / Colocation Support Procedures page to know what type of support ServerPoint.com will provide for your brand new dedicated server.<br /> <br /> <a href=\"http://serverpoint.com/english/support-dedi-procedures.phtml\" target=\"_blank\" onclick=\"return top.js.OpenExtLink(window,event,this)\">http://serverpoint.com/english/support-dedi-procedures.phtml</a><br /> <br /> We wish you good luck and success,<br /> <br /> The hard working team at ServerPoint.com<br /> <br /> :)<br /> <br /> p.s.: Please do not reply to this email.<br /> ____________________________<br /> Customer Support Department :)</font>','','',0,0,117,1,'2007-07-06 15:19:50'),(6,'Stuff',1,1,1,'<p>Hi Steve,<br />What I have for you is a compressed archive file on the mohawk server.<br />Here is the URL:<br /><a href=\"http://www.safetyatmohawk2.com/documents/mohawkDev.tar.gz\" target=\"_blank\">http://www.safetyatmohawk2.com/documents/mohawkDev.tar.gz </a><br /><br />I have changed the &#39;davidmc&#39; passwords on the server and backup server to friendship7<br />The root password on the <a href=\"http://safetyatmohawk2.com/\" target=\"_blank\">safetyatmohawk2.com</a> server is splash1.<br />The root password on the backup server is mhwk2007. <br />Th IP addresses for the backup server are:<br /><font face=\"Verdana, Arial, Helvetica\" size=\"2\"><br /> IP number(s): <a href=\"http://64.235.56.162/\" target=\"_blank\">64.235.56.162</a> - <a href=\"http://64.235.56.163/\" target=\"_blank\"> 64.235.56.163</a><br /><br />I will get more info to you later, but this is something for a developer to get started with.<br /><br />Thanks! David</font></p><p>&nbsp;</p><p>mkk2 rpwd: srsR00t&nbsp;</p>','','',0,0,117,1,'2008-01-10 20:06:33'),(7,'Chris Crites UID and PWD',1,1,1,'<p><font face=\"arial,helvetica,sans-serif\" size=\"4\"><span style=\"font-size: 10pt\">LaGrange1516</span></font></p><p><font face=\"arial,helvetica,sans-serif\" size=\"4\"> chrisccrites</font></p>','','',0,0,97,1,'2008-02-05 20:16:27'),(8,'csr',1,1,1,'<p>cp rainbow.key kleentex.key<br />[root@670-a private]# openssl req -new -key kleentex.key -out customlogomats.csr<br />You are about to be asked to enter information that will be incorporated<br />into your certificate request.<br />What you are about to enter is what is called a Distinguished Name or a DN.<br />There are quite a few fields but you can leave some blank<br />For some fields there will be a default value,<br />If you enter &#39;.&#39;, the field will be left blank.<br />-----<br />Country Name (2 letter code) [GB]:US<br />State or Province Name (full name) [Berkshire]:Georgia<br />Locality Name (eg, city) [Newbury]:LaGrange<br />Organization Name (eg, company) [My Company Ltd]:Kleen-Tex Industries, Incorporated<br />Organizational Unit Name (eg, section) []:<br />Common Name (eg, your name or your server&#39;s hostname) []:www.customlogomats.com<br />Email Address []:pnbinnington@kleen-tex.com<br /><br />Please enter the following &#39;extra&#39; attributes<br />to be sent with your certificate request<br />A challenge password []:<br />An optional company name []:<br />[root@670-a private]# ls<br />customlogomats.csr  kleentex.key  rainbow.key<br /></p><p>Validation From GoDaddy:</p><table border=\"0\" cellspacing=\"0\" cellpadding=\"0\" width=\"350\"><tbody><tr><td align=\"right\" bgcolor=\"#ffffff\">                           Common Name = www.customlogomats.com<br />             Organization = Kleen-Tex Industries, Incorporated<br />             Organization Unit = <br />                   Locality = LaGrange<br />             State/Territory/or Province = Georgia<br />             Country = US<br />              </td><td bgcolor=\"#ffffff\"><img src=\"https://certs.godaddy.com/images/clear.gif\" alt=\"\" width=\"10\" height=\"1\" /></td>         </tr>         <tr bgcolor=\"#d5d5d5\">             <td><img src=\"https://certs.godaddy.com/images/clear.gif\" alt=\"\" width=\"118\" height=\"1\" /></td>       <td><img src=\"https://certs.godaddy.com/images/clear.gif\" alt=\"\" width=\"4\" height=\"1\" /></td>             <td><img src=\"https://certs.godaddy.com/images/clear.gif\" alt=\"\" width=\"1\" height=\"1\" /></td>             <td><img src=\"https://certs.godaddy.com/images/clear.gif\" alt=\"\" width=\"217\" height=\"1\" /></td>             <td><img src=\"https://certs.godaddy.com/images/clear.gif\" alt=\"\" width=\"10\" height=\"1\" /></td>         </tr>   <tr>              <td class=\"title\" align=\"right\" bgcolor=\"#ffffff\">Requestor:</td>       <td bgcolor=\"#ffffff\"><img src=\"https://certs.godaddy.com/images/clear.gif\" alt=\"\" width=\"4\" height=\"1\" /></td>             <td bgcolor=\"#d5d5d5\"><img src=\"https://certs.godaddy.com/images/clear.gif\" alt=\"\" width=\"1\" height=\"20\" /></td>             <td align=\"right\" bgcolor=\"#ffffff\">              Name = Peter Binnington<br />             Address = 1516 Orchard Hill Road <br />             Address 2 = <br />             City/Locality = LaGrange,<br />             State/Territory/or Province = Georgia<br /> 			Country = US<br />             ZIP/Postal Code= 30240-5767 <br />             Requestor Phone = 1 800 2412323 <br />         			Requestor Phone Ext = 1229<br />  			Email = pnbinnington@kleen-tex.com<br />                                                           </td><td bgcolor=\"#ffffff\"><img src=\"https://certs.godaddy.com/images/clear.gif\" alt=\"\" width=\"10\" height=\"1\" /></td>         </tr>         <tr bgcolor=\"#d5d5d5\">             <td><img src=\"https://certs.godaddy.com/images/clear.gif\" alt=\"\" width=\"118\" height=\"1\" /></td>       <td><img src=\"https://certs.godaddy.com/images/clear.gif\" alt=\"\" width=\"4\" height=\"1\" /></td>             <td><img src=\"https://certs.godaddy.com/images/clear.gif\" alt=\"\" width=\"1\" height=\"1\" /></td>             <td><img src=\"https://certs.godaddy.com/images/clear.gif\" alt=\"\" width=\"217\" height=\"1\" /></td>             <td><img src=\"https://certs.godaddy.com/images/clear.gif\" alt=\"\" width=\"10\" height=\"1\" /></td>         </tr>         <tr>             <td class=\"title\" align=\"right\" bgcolor=\"#ffffff\">Web Server Type:</td>       <td bgcolor=\"#ffffff\"><img src=\"https://certs.godaddy.com/images/clear.gif\" alt=\"\" width=\"4\" height=\"1\" /></td>             <td bgcolor=\"#d5d5d5\"><img src=\"https://certs.godaddy.com/images/clear.gif\" alt=\"\" width=\"1\" height=\"20\" /></td>             <td align=\"right\" bgcolor=\"#ffffff\">Apache</td>             <td bgcolor=\"#ffffff\"><img src=\"https://certs.godaddy.com/images/clear.gif\" alt=\"\" width=\"10\" height=\"1\" /></td></tr></tbody></table><p>&nbsp;</p><table border=\"0\" cellspacing=\"0\" cellpadding=\"0\" width=\"350\"><tbody><tr><td align=\"right\" bgcolor=\"#ffffff\">                           Common Name = www.customlogomats.com<br />             Organization = KLEEN-TEX INDUSTRIES, INC.<br />             Organization Unit = <br />                   Locality = LaGrange<br />             State/Territory/or Province = Georgia<br />             Country = US<br />              </td><td bgcolor=\"#ffffff\"><img src=\"https://certs.godaddy.com/images/clear.gif\" alt=\"\" width=\"10\" height=\"1\" /></td>         </tr>         <tr bgcolor=\"#d5d5d5\">             <td><img src=\"https://certs.godaddy.com/images/clear.gif\" alt=\"\" width=\"118\" height=\"1\" /></td>       <td><img src=\"https://certs.godaddy.com/images/clear.gif\" alt=\"\" width=\"4\" height=\"1\" /></td>             <td><img src=\"https://certs.godaddy.com/images/clear.gif\" alt=\"\" width=\"1\" height=\"1\" /></td>             <td><img src=\"https://certs.godaddy.com/images/clear.gif\" alt=\"\" width=\"217\" height=\"1\" /></td>             <td><img src=\"https://certs.godaddy.com/images/clear.gif\" alt=\"\" width=\"10\" height=\"1\" /></td>         </tr>   <tr>              <td class=\"title\" align=\"right\" bgcolor=\"#ffffff\">Requestor:</td>       <td bgcolor=\"#ffffff\"><img src=\"https://certs.godaddy.com/images/clear.gif\" alt=\"\" width=\"4\" height=\"1\" /></td>             <td bgcolor=\"#d5d5d5\"><img src=\"https://certs.godaddy.com/images/clear.gif\" alt=\"\" width=\"1\" height=\"20\" /></td>             <td align=\"right\" bgcolor=\"#ffffff\">              Name = Peter Benington<br />             Address = 1516 Orchard Hill Road<br />             Address 2 = <br />             City/Locality = LaGrange<br />             State/Territory/or Province = Georgia<br /> 			Country = US<br />             ZIP/Postal Code= 30240-5767<br />             Requestor Phone = 800 2412323 <br />         			Requestor Phone Ext = 1229<br />  			Email = pnbinnington@kleen-tex.com <br />                                                           </td><td bgcolor=\"#ffffff\"><img src=\"https://certs.godaddy.com/images/clear.gif\" alt=\"\" width=\"10\" height=\"1\" /></td>         </tr>         <tr bgcolor=\"#d5d5d5\">             <td><img src=\"https://certs.godaddy.com/images/clear.gif\" alt=\"\" width=\"118\" height=\"1\" /></td>       <td><img src=\"https://certs.godaddy.com/images/clear.gif\" alt=\"\" width=\"4\" height=\"1\" /></td>             <td><img src=\"https://certs.godaddy.com/images/clear.gif\" alt=\"\" width=\"1\" height=\"1\" /></td>             <td><img src=\"https://certs.godaddy.com/images/clear.gif\" alt=\"\" width=\"217\" height=\"1\" /></td>             <td><img src=\"https://certs.godaddy.com/images/clear.gif\" alt=\"\" width=\"10\" height=\"1\" /></td>         </tr>         <tr>             <td class=\"title\" align=\"right\" bgcolor=\"#ffffff\">Web Server Type:</td>       <td bgcolor=\"#ffffff\"><img src=\"https://certs.godaddy.com/images/clear.gif\" alt=\"\" width=\"4\" height=\"1\" /></td>             <td bgcolor=\"#d5d5d5\"><img src=\"https://certs.godaddy.com/images/clear.gif\" alt=\"\" width=\"1\" height=\"20\" /></td>             <td align=\"right\" bgcolor=\"#ffffff\">Apache</td>             <td bgcolor=\"#ffffff\"><img src=\"https://certs.godaddy.com/images/clear.gif\" alt=\"\" width=\"10\" height=\"1\" /></td>         </tr>         <tr bgcolor=\"#d5d5d5\">             <td><img src=\"https://certs.godaddy.com/images/clear.gif\" alt=\"\" width=\"118\" height=\"1\" /></td>       <td><img src=\"https://certs.godaddy.com/images/clear.gif\" alt=\"\" width=\"4\" height=\"1\" /></td>             <td><img src=\"https://certs.godaddy.com/images/clear.gif\" alt=\"\" width=\"1\" height=\"1\" /></td>             <td><img src=\"https://certs.godaddy.com/images/clear.gif\" alt=\"\" width=\"217\" height=\"1\" /></td>             <td><img src=\"https://certs.godaddy.com/images/clear.gif\" alt=\"\" width=\"10\" height=\"1\" /></td>         </tr>         <tr>             <td class=\"title\" align=\"right\" bgcolor=\"#ffffff\">Type of Certificate Requested:</td>       <td bgcolor=\"#ffffff\"><img src=\"https://certs.godaddy.com/images/clear.gif\" alt=\"\" width=\"4\" height=\"1\" /></td>             <td bgcolor=\"#d5d5d5\"><img src=\"https://certs.godaddy.com/images/clear.gif\" alt=\"\" width=\"1\" height=\"40\" /></td>             <td align=\"right\" bgcolor=\"#ffffff\">                                                                       Corporate                             </td>             <td bgcolor=\"#ffffff\"><img src=\"https://certs.godaddy.com/images/clear.gif\" alt=\"\" width=\"10\" height=\"1\" /></td>         </tr>         </tbody></table>               <img src=\"https://certs.godaddy.com/images/spacer.gif\" alt=\"\" width=\"362\" height=\"15\" />','','',0,0,97,1,'2008-02-18 20:55:12'),(9,'5/1',1,1,1,'<div>Thanks for your time last night.  Please tell me when these 3 items are done and I will provide 3 more:</div><div><br /></div><div>1.  This is our quote sheet that needs to be in the system.<font color=\"#ff6600\"> [FIXED]</font><br /></div><br /><div>  This needs to be added immediately.</div><div><br /></div><div>2.  Here is the format for the ToDo List.</div><div><br /></div><div>ELIMINATE REGIONS.  USE SALESMAN AS THE KEY DATA POINT.</div><div><p><span>The appearance and readability would greatly benefit from a few simple changes:</span></p><p><span><span>            </span>(1) Remove all the underlines<span>  </span>(THIS MAY BE BECAUSE IT IS A LINK??) [<font color=\"#6633cc\">DONE]</font><br /></span></p><p><span><span>            </span>(2) Don&#39;t center anything<span>  </span>(JUSTIFY LEFT)-  <font color=\"#6699ff\">DONE</font></span></p><p><span><span>            </span>(3) Rather than spell out SQUARE FOOTAGE, remove the strange underline and use SQ. FT.</span></p><p style=\"margin-left: 0.25in; text-indent: 0.25in\"><span>(4) </span><span style=\"color: #339966\">format HEADER change on Substrates tab in JO</span></p>  <ol style=\"margin-top: 0in\"><ol style=\"margin-top: 0in\"><li style=\"color: #339966\"><strong><u>Prospects</u></strong>-<span>  </span>Customer / salesman* / sq ft /       date of entry <font color=\"#cc0000\">C</font><br /></li></ol></ol><p style=\"margin-left: 0.75in\"><span style=\"color: #339966\">* replaces region and abbreviate salesman initials.</span></p>  <ol style=\"margin-top: 0in\"><ol style=\"margin-top: 0in\"><li style=\"color: #339966\"><strong><u>Inspect</u></strong>-       Customer / salesman / job site (CITY, STATE)/ sq ft / date of entry <font color=\"#660000\">C</font><br /></li><li style=\"color: #339966\"><strong><u>Quoted</u></strong>-       Customer / salesman / job site / sq ft / $ / date of entry<font color=\"#ff9900\"> <font color=\"#0000ff\">C</font></font><br /></li><li style=\"color: #339966\"><strong><u>Schedule</u></strong>-       Customer / salesman / job site / sq ft / date of entry <font color=\"#ff6600\">C</font><br /></li><li style=\"color: #339966\"><strong><u>Job Starts</u></strong>-       Customer / salesman / job site / sq ft / date of start <font color=\"#000033\">C</font><br /></li><li style=\"color: #339966\"><strong><u>Job Completes</u></strong>-       Customer / salesman / job site / sq ft / date of completion <font color=\"#33cc00\">C</font><br /></li><li style=\"color: #339966\"><strong><u>Payment</u></strong>-       Customer / salesman / job site / sq ft / $ / actual completion <font color=\"#cc0066\">C</font><br /></li></ol></ol><p>&nbsp;</p>     </div>','','',0,0,142,1,'2008-05-03 07:51:44');
UNLOCK TABLES;
/*!40000 ALTER TABLE `Messages` ENABLE KEYS */;

--
-- Table structure for table `Notes`
--

DROP TABLE IF EXISTS `Notes`;
CREATE TABLE `Notes` (
  `Id` bigint(20) NOT NULL auto_increment,
  `Company` bigint(20) default NULL,
  `Project` bigint(20) default NULL,
  `Task` bigint(20) default NULL,
  `Author` bigint(20) default NULL,
  `Created` datetime default NULL,
  `Status` bigint(20) default NULL,
  PRIMARY KEY  (`Id`)
) ENGINE=MyISAM DEFAULT CHARSET=latin1;

--
-- Dumping data for table `Notes`
--


/*!40000 ALTER TABLE `Notes` DISABLE KEYS */;
LOCK TABLES `Notes` WRITE;
UNLOCK TABLES;
/*!40000 ALTER TABLE `Notes` ENABLE KEYS */;

--
-- Table structure for table `Project`
--

DROP TABLE IF EXISTS `Project`;
CREATE TABLE `Project` (
  `Id` bigint(20) NOT NULL auto_increment,
  `Name` text,
  `Company` bigint(20) default NULL,
  `Estimated_Start` datetime default NULL,
  `Actual_Start` datetime default NULL,
  `Estimated_Time` int(11) default NULL,
  `Actual_Time` int(11) default NULL,
  `Phase` int(11) default NULL,
  `Parent_Project` bigint(20) default NULL,
  `Notes` text,
  `Status` bigint(20) default NULL,
  `Rate` double default NULL,
  `PO` text,
  `Estimate` double default NULL,
  PRIMARY KEY  (`Id`)
) ENGINE=MyISAM DEFAULT CHARSET=latin1;

--
-- Dumping data for table `Project`
--


/*!40000 ALTER TABLE `Project` DISABLE KEYS */;
LOCK TABLES `Project` WRITE;
INSERT INTO `Project` VALUES (1,'Hydrospec Inspection System',7,'2006-04-12 15:39:20','2006-04-12 15:39:20',0,0,0,-1,'',2,60,'',7000),(2,'Mohawk Safety',3,'2006-04-12 17:01:23','2006-04-12 17:01:23',35,0,0,-1,'',6,60,'',20000),(3,'Southern Logistics Support',4,'2006-04-14 11:02:10','2006-04-14 11:02:10',0,0,1,-1,'',6,0,'',1000),(4,'Southern Logistics Business Systems',4,'2006-04-14 11:02:10','2006-04-14 11:02:10',0,0,1,3,'',6,60,'',2500),(27,'Support',16,'2006-11-16 15:45:00','2006-11-16 15:45:00',0,0,0,-1,'Support for Sign On',16,70,'',0),(6,'Glass Fusion Sealant',5,'2006-05-02 11:47:48','2006-05-02 11:47:48',20,0,1,-1,'',6,65,'',0),(7,'PBS AUCTIONS',8,'2006-05-07 16:05:28','2006-05-07 16:05:28',0,0,0,-1,'',1,0,'',0),(10,'Mohawk Contractor Database',3,'2006-05-10 10:48:27','2006-05-10 10:48:27',8,0,0,-1,'',2,60,'',0),(9,'Northside Support and Development',7,'2006-05-09 09:45:11','2006-05-09 09:45:11',0,0,0,-1,'',16,60,'',0),(11,'Custom Logomats ongoing support',14,'2006-05-13 10:40:01','2006-05-13 10:40:01',0,0,0,-1,'',1,60,'',0),(12,'Earthscapes Website',7,'2006-05-16 12:25:08','2006-05-16 12:25:08',0,0,0,-1,'',16,60,'',0),(13,'Hydrospec Web Site',1,'2006-03-15 15:00:00','2006-03-15 15:00:00',12,0,0,-1,'',1,60,'',720),(14,'AOG Website',7,'2006-06-08 11:57:00','2006-06-08 11:57:00',0,0,0,-1,'',16,60,'',0),(19,'Woodhollow Project System',6,'2006-08-02 09:17:00','2006-08-02 09:17:00',0,0,0,-1,'',1,60,'',0),(21,'Building Infrastructure',3,'2006-08-30 18:59:00','2006-08-30 18:59:00',0,0,0,-1,'Various tasks',1,60,'',0),(16,'Atrium Medical Imaging Workflow',7,'2006-06-09 11:46:00','2006-06-09 11:46:00',0,0,0,-1,'',6,60,'',0),(17,'AOSM Website',7,'2006-07-10 15:51:25','2006-07-10 15:51:25',0,0,0,-1,'',2,60,'',0),(18,'Southern Logistics Ongoing',4,'2006-04-14 11:02:00','2006-04-14 11:02:00',0,0,1,-1,'',6,65,'',1000),(20,'Media Center',3,'2006-08-10 10:18:00','2006-08-10 10:18:00',20,0,0,-1,'',1,60,'',0),(22,'Port Rainbow Custom Logo Mats',14,'2006-09-05 15:34:00','2006-09-05 15:34:00',0,0,0,-1,'',16,60,'',0),(23,'Hydrospec - Phase 2',1,'2006-10-24 10:52:00','2006-10-24 10:52:00',0,0,0,1,'And ongoing support and maintenance',6,60,'',0),(24,'Kleentext - Rainbow Site Maintenance and Training',14,'2006-10-24 14:50:00','2006-10-24 14:50:00',0,0,0,-1,'',1,60,'',0),(25,'Incident Demo System',3,'2006-10-30 10:35:00','2006-10-30 10:35:00',0,0,0,-1,'',1,0,'',0),(26,'Northside Pediatrics Web',9,'2006-10-31 08:40:00','2006-10-31 08:40:00',0,0,0,-1,'',1,60,'',0),(28,'Site Development',17,'2006-12-04 18:02:00','2006-12-04 18:02:00',0,0,0,-1,'',1,70,'',0),(30,'2008 Development',18,'2006-12-13 20:57:00','2006-12-13 20:57:00',0,0,0,-1,'1/2 of 60.00 discount rate other half is contribution to new company.',1,37.5,'',0),(32,'Auxion Training',18,'2007-01-17 16:02:00','2007-01-17 16:02:00',0,0,0,30,'',1,30,'',0),(33,'Client Code',19,'2007-01-22 08:57:00','2007-01-22 08:57:00',0,0,0,-1,'',16,-10,'',0),(34,'AOSM Web - 2007',7,'2006-07-10 15:51:00','2006-07-10 15:51:00',0,0,0,-1,'',16,60,'',0),(35,'MG GF 2007 Work',5,'2007-02-07 10:13:00','2007-02-07 10:13:00',0,0,0,-1,'',1,60,'',0),(36,'McCright Systems Support Contract',21,'2007-02-09 11:03:00','2007-02-09 11:03:00',0,0,0,-1,'',6,60,'',0),(37,'WOSU',18,'2007-02-14 09:01:00','2007-02-14 09:01:00',0,0,0,-1,'',1,30,'',0),(38,'Mohawk Learning Center',3,'2007-03-23 09:59:00','2007-03-23 09:59:00',0,0,0,-1,'',1,60,'',0),(39,'Site Maintenance',22,'2007-04-27 08:15:00','2007-04-27 08:15:00',0,0,0,-1,'Maintenance on Site ',6,60,'',0),(40,'WTCI',18,'2007-02-14 09:01:00','2007-02-14 09:01:00',0,0,0,-1,'',1,30,'',0),(49,'2008 AM Client Development ',18,'2008-03-08 19:02:50','2008-03-08 19:02:50',0,0,0,-1,'New rate with AM as client',1,75,'',0),(42,'Web Site',24,'2007-06-08 15:32:00','2007-06-08 15:32:00',0,0,0,-1,'Need to get domains and run by Howard and Jenine',2,60,'',0),(43,'Move Intranet with GFF data',25,'2007-06-08 15:35:00','2007-06-08 15:35:00',0,0,0,-1,'',1,60,'',0),(44,'Support BCO',26,'2007-09-16 16:34:00','2007-09-16 16:34:00',2,2,0,-1,'',1,60,'',0),(45,'Mohawk Safety 2008',3,'2006-04-12 17:01:00','2006-04-12 17:01:00',35,0,0,-1,'',6,75,'',20000),(46,'Siltanium 2008 support',5,'2008-01-12 09:14:00','2008-01-12 09:14:00',0,0,0,-1,'',1,75,'',0),(47,'2008 Projects',1,'2008-01-12 18:22:00','2008-01-12 18:22:00',0,0,0,-1,'',1,70,'',0),(48,'Closing 2007 Work',5,'2007-02-07 10:13:00','2007-02-07 10:13:00',0,0,0,-1,'',6,80,'',0);
UNLOCK TABLES;
/*!40000 ALTER TABLE `Project` ENABLE KEYS */;

--
-- Table structure for table `Report`
--

DROP TABLE IF EXISTS `Report`;
CREATE TABLE `Report` (
  `Id` bigint(20) NOT NULL auto_increment,
  `Site_Id` bigint(20) default NULL,
  `Template_Id` bigint(20) default NULL,
  `Query_Id` bigint(20) default NULL,
  `Composite_Query` bigint(20) default NULL,
  `Name` text,
  `Media_Type` bigint(20) default NULL,
  `Sum_Columns` text,
  `Average_Columns` text,
  `Category` text,
  `Show_In_List` int(11) default NULL,
  `Formatting_Modulus` int(11) default NULL,
  `Items_Per_Page` int(11) default NULL,
  `External_Program` text,
  PRIMARY KEY  (`Id`)
) ENGINE=MyISAM DEFAULT CHARSET=latin1;

--
-- Dumping data for table `Report`
--


/*!40000 ALTER TABLE `Report` DISABLE KEYS */;
LOCK TABLES `Report` WRITE;
INSERT INTO `Report` VALUES (9,0,2,0,11,'Status',-1,NULL,NULL,'Status',1,0,0,NULL),(8,0,3,0,10,'Estimate',-1,NULL,NULL,'Info',1,0,0,NULL),(3,0,3,0,5,'Outstanding Time and Money',-1,NULL,NULL,'Info',1,0,0,NULL),(4,0,5,0,6,'Test Form',1,NULL,NULL,'New Invoice',1,0,0,NULL),(5,0,1,0,7,'New Invoices',2,NULL,NULL,'Invoice',1,0,0,NULL),(6,0,4,0,17,'New Invoice Items',-1,NULL,NULL,'Invoice',0,0,0,NULL),(7,0,3,0,9,'Info',-1,NULL,NULL,'Invoice',1,0,0,NULL),(10,0,3,0,12,'Time and Money Paid',-1,NULL,NULL,'Info',1,0,0,NULL),(11,0,3,0,13,'Need to create invoices',-1,NULL,NULL,'Invoice',1,0,0,NULL),(12,0,3,0,14,'Invoices to Send',1,NULL,NULL,'Invoice',1,0,0,NULL),(13,0,3,0,15,'Work Over Time',1,NULL,NULL,'Info',1,0,0,NULL),(14,0,3,0,16,'Invoiced Recievables',1,NULL,NULL,'Invoice',1,0,0,NULL);
UNLOCK TABLES;
/*!40000 ALTER TABLE `Report` ENABLE KEYS */;

--
-- Table structure for table `Report_Conditioning`
--

DROP TABLE IF EXISTS `Report_Conditioning`;
CREATE TABLE `Report_Conditioning` (
  `Id` bigint(20) NOT NULL auto_increment,
  `Report_Id` bigint(20) default NULL,
  `Col` int(11) default NULL,
  `Sort_Pos` int(11) default NULL,
  `Col_Handler` text,
  `Direction` text,
  `Format` text,
  `Tuple_Section` text,
  `spawnedReport` bigint(20) default NULL,
  `spawnedTuplePretext` text,
  `spawnedTuplePosttext` text,
  `spawningEvent` int(11) default NULL,
  PRIMARY KEY  (`Id`)
) ENGINE=MyISAM DEFAULT CHARSET=latin1;

--
-- Dumping data for table `Report_Conditioning`
--


/*!40000 ALTER TABLE `Report_Conditioning` DISABLE KEYS */;
LOCK TABLES `Report_Conditioning` WRITE;
INSERT INTO `Report_Conditioning` VALUES (1,1,0,0,'NONE','NONE','STRING','section0',1,'','',0),(2,1,1,0,'NONE','NONE','STRING','section1',1,'','',0),(3,1,2,0,'NONE','NONE','STRING','section2',1,'','',0),(4,1,3,0,'NONE','NONE','STRING','section3',1,'','',0),(5,1,4,0,'NONE','NONE','STRING','section4',1,'','',0),(6,1,5,0,'NONE','NONE','STRING','section5',1,'','',0),(7,1,6,0,'NONE','NONE','STRING','section6',1,'','',0),(8,1,7,0,'NONE','NONE','STRING','section7',1,'','',0),(9,1,8,0,'NONE','NONE','CURRENCY','section8',1,'','',0),(10,1,9,0,'NONE','NONE','STRING','section9',1,'','',0),(11,1,10,0,'NONE','NONE','STRING','section10',1,'','',0),(12,1,11,0,'NONE','NONE','STRING','section11',1,'','',2),(13,2,1,0,'SUM','NONE','DECIMAL','',1,'','',0),(14,2,4,0,'SUM','NONE','CURRENCY','',1,'','',0),(15,1,12,0,'SPAWN','NONE','STRING','section12',2,'','',2),(16,3,5,0,'SUM','NONE','CURRENCY','',1,'','',0),(41,11,5,0,'SUM','NONE','CURRENCY','',8,'','',0),(18,5,0,0,'NONE','NONE','STRING','section0',1,'','',0),(19,5,1,0,'NONE','NONE','STRING','section1',1,'','',0),(20,5,2,0,'NONE','NONE','STRING','section2',1,'','',0),(21,5,3,0,'NONE','NONE','STRING','section3',1,'','',0),(22,5,4,0,'NONE','NONE','STRING','section4',1,'','',0),(23,5,5,0,'NONE','NONE','STRING','section5',1,'','',0),(24,5,6,0,'NONE','NONE','STRING','section6',1,'','',0),(25,5,7,0,'NONE','NONE','STRING','section7',1,'','',0),(26,5,8,0,'NONE','NONE','STRING','section8',1,'','',0),(27,5,9,0,'NONE','NONE','STRING','section9',1,'','',0),(28,5,10,0,'NONE','NONE','STRING','section10',1,'','',0),(29,5,11,0,'NONE','NONE','STRING','section11',1,'','',0),(30,5,12,0,'SPAWN','NONE','STRING','section12',6,'','',2),(31,6,1,0,'SUM','NONE','DECIMAL','',1,'','',0),(32,6,4,0,'SUM','NONE','CURRENCY','',1,'','',0),(33,7,0,0,'GROUP','NONE','STRING','',7,'','',0),(36,8,0,0,'GROUP','NONE','STRING','',8,'','',0),(35,7,6,0,'SUM','NONE','CURRENCY','',7,'','',0),(37,8,3,0,'SUM','NONE','DECIMAL','',8,'','',0),(38,8,4,0,'SUM','NONE','CURRENCY','',8,'','',0),(39,10,0,0,'GROUP','NONE','STRING','',8,'','',0),(40,10,7,0,'SUM','NONE','CURRENCY','',8,'','',0),(42,11,0,0,'GROUP','NONE','STRING','',8,'','',0),(43,10,1,0,'GROUP','NONE','STRING','',8,'','',0),(44,12,0,0,'SPAWN','NONE','STRING','',6,'','',4),(45,13,0,0,'GROUP','NONE','STRING','',8,'','',0),(46,13,2,0,'SUM','NONE','DECIMAL','',8,'','',0),(47,13,5,0,'SUM','NONE','CURRENCY','',8,'','',0),(48,14,0,0,'SPAWN','NONE','STRING','',6,'<tr><td colspan=\'13\'>','</td></tr>',4),(49,10,2,0,'GROUP','NONE','STRING','',8,'','',0);
UNLOCK TABLES;
/*!40000 ALTER TABLE `Report_Conditioning` ENABLE KEYS */;

--
-- Table structure for table `Report_Parameters`
--

DROP TABLE IF EXISTS `Report_Parameters`;
CREATE TABLE `Report_Parameters` (
  `Id` bigint(20) NOT NULL auto_increment,
  `Report_Id` bigint(20) default NULL,
  `Display_Label` text,
  `Data_Element` text,
  `Tag_Name` text,
  `Choices_Query` text,
  `Parameter_Type` text,
  `List_Order` int(11) default NULL,
  `Pre_Content` text,
  `Post_Content` text,
  PRIMARY KEY  (`Id`)
) ENGINE=MyISAM DEFAULT CHARSET=latin1;

--
-- Dumping data for table `Report_Parameters`
--


/*!40000 ALTER TABLE `Report_Parameters` DISABLE KEYS */;
LOCK TABLES `Report_Parameters` WRITE;
INSERT INTO `Report_Parameters` VALUES (1,1,'Project?','Project','{{project}}','select Id, Name from Project\r\n','SELECT',NULL,NULL,NULL),(2,4,'Project?','Project','{{project}}','select Id, Name from Project','SELECT',NULL,NULL,NULL),(3,5,'Invoice?','Invoice','{{invoice}}','select iv.Id, concat( p.Name, \'-\', Invoice_Date )from Invoice iv inner join Project p on p.Id = iv.Project ','SELECT',NULL,NULL,NULL),(4,8,'Project?','Project','{{project}}','select Id, Name from Project','SELECT',0,'',''),(6,10,'Invoice Date','DATE','{DATE}','','STRING',0,'','');
UNLOCK TABLES;
/*!40000 ALTER TABLE `Report_Parameters` ENABLE KEYS */;

--
-- Table structure for table `Report_Templates`
--

DROP TABLE IF EXISTS `Report_Templates`;
CREATE TABLE `Report_Templates` (
  `Id` bigint(20) NOT NULL auto_increment,
  `Site_Id` bigint(20) default NULL,
  `Name` text,
  `Path` text,
  PRIMARY KEY  (`Id`)
) ENGINE=MyISAM DEFAULT CHARSET=latin1;

--
-- Dumping data for table `Report_Templates`
--


/*!40000 ALTER TABLE `Report_Templates` DISABLE KEYS */;
LOCK TABLES `Report_Templates` WRITE;
INSERT INTO `Report_Templates` VALUES (1,0,'Invoice','InvoiceTemplate.html'),(2,0,'Generic','Generic.htmp'),(3,0,'Advanced','reportlist.htmp'),(4,0,'Spawned','reportspawned.htmp'),(5,0,'Form Test','test.ftmp');
UNLOCK TABLES;
/*!40000 ALTER TABLE `Report_Templates` ENABLE KEYS */;

--
-- Table structure for table `Report_Type`
--

DROP TABLE IF EXISTS `Report_Type`;
CREATE TABLE `Report_Type` (
  `Id` bigint(20) NOT NULL auto_increment,
  `Name` text,
  `File_Extension` text,
  PRIMARY KEY  (`Id`)
) ENGINE=MyISAM DEFAULT CHARSET=latin1;

--
-- Dumping data for table `Report_Type`
--


/*!40000 ALTER TABLE `Report_Type` DISABLE KEYS */;
LOCK TABLES `Report_Type` WRITE;
INSERT INTO `Report_Type` VALUES (1,'text/html',''),(2,'application/pdf','pdf'),(3,'application/vnd.ms-excel','');
UNLOCK TABLES;
/*!40000 ALTER TABLE `Report_Type` ENABLE KEYS */;

--
-- Table structure for table `Scheme_Field`
--

DROP TABLE IF EXISTS `Scheme_Field`;
CREATE TABLE `Scheme_Field` (
  `Id` bigint(20) NOT NULL auto_increment,
  `Scheme_Table` bigint(20) default NULL,
  `Name` text,
  `Col_Type` text,
  `Links_To` bigint(20) default NULL,
  PRIMARY KEY  (`Id`)
) ENGINE=MyISAM DEFAULT CHARSET=latin1;

--
-- Dumping data for table `Scheme_Field`
--


/*!40000 ALTER TABLE `Scheme_Field` DISABLE KEYS */;
LOCK TABLES `Scheme_Field` WRITE;
INSERT INTO `Scheme_Field` VALUES (1,1,'Id','bigint(20)',0),(2,1,'Company','bigint(20)',9),(3,1,'Contact','bigint(20)',32),(4,1,'Location','text',0),(5,1,'Title','text',0),(6,1,'Description','text',0),(7,1,'Starts','datetime',0),(8,1,'Stops','datetime',0),(9,2,'Id','bigint(20)',0),(10,2,'Name','text',0),(11,2,'Key_Contact','bigint(20)',32),(12,2,'Address1','text',0),(13,2,'Address2','text',0),(14,2,'City','text',0),(15,2,'State','text',0),(16,2,'Zip','text',0),(17,2,'Country','text',0),(18,2,'Notes','text',0),(19,2,'Last_Contacted','datetime',0),(20,2,'Status','bigint(20)',0),(21,2,'Open_PO','text',0),(22,3,'Id','bigint(20)',0),(23,3,'Site_Id','bigint(20)',0),(24,3,'Name','text',0),(25,3,'Select_Part','text',0),(26,3,'From_Part','text',0),(27,3,'Where_Part','text',0),(28,3,'Group_Part','text',0),(29,3,'Having_Part','text',0),(30,3,'Order_Part','text',0),(31,3,'Is_Workflow','int(11)',0),(32,4,'Id','bigint(20)',0),(33,4,'First','text',0),(34,4,'Last','text',0),(35,4,'Prefix','text',0),(36,4,'Phone','text',0),(37,4,'Mobile','text',0),(38,4,'Email','text',0),(39,4,'Fax','text',0),(40,4,'Home_Phone','text',0),(41,4,'Company','bigint(20)',9),(42,4,'Password','text',0),(43,5,'Id','bigint(20)',0),(44,5,'Company','bigint(20)',9),(45,5,'Project','bigint(20)',50),(46,5,'Task','bigint(20)',116),(47,5,'Author','bigint(20)',166),(48,5,'Created','datetime',0),(49,5,'Status','bigint(20)',111),(50,6,'Id','bigint(20)',0),(51,6,'Name','text',0),(52,6,'Company','bigint(20)',9),(53,6,'Estimated_Start','datetime',0),(54,6,'Actual_Start','datetime',0),(55,6,'Estimated_Time','int(11)',0),(56,6,'Actual_Time','int(11)',0),(57,6,'Phase','int(11)',0),(58,6,'Parent_Project','bigint(20)',50),(59,6,'Notes','text',0),(60,6,'Status','bigint(20)',111),(61,6,'Rate','double',0),(62,6,'PO','text',0),(63,6,'Estimate','double',0),(64,7,'Id','bigint(20)',0),(65,7,'Site_Id','bigint(20)',0),(66,7,'Template_Id','bigint(20)',0),(67,7,'Query_Id','bigint(20)',0),(68,7,'Composite_Query','bigint(20)',0),(69,7,'Name','text',0),(70,7,'Media_Type','bigint(20)',0),(71,7,'Sum_Columns','text',0),(72,7,'Average_Columns','text',0),(73,7,'Category','text',0),(74,7,'Show_In_List','int(11)',0),(75,7,'Formatting_Modulus','int(11)',0),(76,7,'Items_Per_Page','int(11)',0),(77,8,'Id','bigint(20)',0),(78,8,'Report_Id','bigint(20)',0),(79,8,'Col','int(11)',0),(80,8,'Sort_Pos','int(11)',0),(81,8,'Col_Handler','text',0),(82,8,'Direction','text',0),(83,8,'Format','text',0),(84,8,'Tuple_Section','text',0),(85,8,'spawnedReport','bigint(20)',0),(86,8,'spawnedTuplePretext','text',0),(87,8,'spawnedTuplePosttext','text',0),(88,8,'spawningEvent','int(11)',0),(89,9,'Id','bigint(20)',0),(90,9,'Report_Id','bigint(20)',0),(91,9,'Display_Label','text',0),(92,9,'Data_Element','text',0),(93,9,'Tag_Name','text',0),(94,9,'Choices_Query','text',0),(95,9,'Parameter_Type','text',0),(96,10,'Id','bigint(20)',0),(97,10,'Site_Id','bigint(20)',0),(98,10,'Name','text',0),(99,10,'Path','text',0),(100,11,'Id','bigint(20)',0),(101,11,'Name','text',0),(102,11,'File_Extension','text',0),(103,12,'Id','bigint(20)',0),(104,12,'Scheme_Table','bigint(20)',0),(105,12,'Name','text',0),(106,12,'Col_Type','text',0),(107,12,'Links_To','bigint(20)',0),(108,13,'Id','bigint(20)',0),(109,13,'Name','text',0),(110,13,'Abbr','text',0),(111,14,'Id','bigint(20)',0),(112,14,'Name','text',0),(113,14,'Class','text',0),(114,14,'Sequence','int(11)',0),(115,14,'Prog_Enum','int(11)',0),(116,15,'Id','bigint(20)',0),(117,15,'Project','bigint(20)',50),(118,15,'Name','text',0),(119,15,'Description','text',0),(120,15,'Start','datetime',0),(121,15,'Task_Order','int(11)',0),(122,15,'Hierarchy','int(11)',0),(123,15,'Status','bigint(20)',0),(124,15,'Percent_Complete','int(11)',0),(125,15,'Parent_Task','bigint(20)',0),(126,15,'Estimate','double',0),(127,15,'Estimated_Time','double',0),(128,15,'Actual_Time','double',0),(129,16,'Id','bigint(20)',0),(130,16,'Task','bigint(20)',116),(131,16,'Start','datetime',0),(132,16,'Stop','datetime',0),(133,16,'Description','text',0),(134,16,'Hours','double',0),(135,16,'Status','bigint(20)',0),(136,16,'Invoice','bigint(20)',0),(137,17,'Id','bigint(20)',0),(138,17,'Name','text',0),(139,17,'Description','text',0),(140,17,'Query','bigint(20)',0),(141,17,'User','bigint(20)',0),(142,17,'User_Group','bigint(20)',0),(143,17,'User_Role','bigint(20)',0),(144,17,'URL','text',0),(145,17,'Search','text',0),(146,18,'id','bigint(20)',0),(147,18,'role_id','bigint(20)',0),(148,18,'service_id','bigint(20)',0),(149,18,'enabled','int(11)',0),(150,18,'xml_params','text',0),(151,19,'id','bigint(20)',0),(152,19,'name','text',0),(153,19,'comment','text',0),(154,20,'id','bigint(20)',0),(155,20,'sequence','int(11)',0),(156,20,'tree_depth','int(11)',0),(157,20,'enabled','int(11)',0),(158,20,'cat_name','text',0),(159,20,'menu_name','text',0),(160,20,'uri','text',0),(161,20,'target','text',0),(162,21,'id','bigint(20)',0),(163,21,'user_id','bigint(20)',0),(164,21,'role_id','bigint(20)',0),(165,21,'enabled','int(11)',0),(166,22,'id','bigint(20)',0),(167,22,'last','text',0),(168,22,'first','text',0),(169,22,'login','text',0),(170,22,'password','text',0),(171,22,'email','text',0),(172,22,'phone','text',0),(173,22,'mobile','text',0),(174,22,'fax','text',0),(175,22,'pager','text',0);
UNLOCK TABLES;
/*!40000 ALTER TABLE `Scheme_Field` ENABLE KEYS */;

--
-- Table structure for table `Scheme_Table`
--

DROP TABLE IF EXISTS `Scheme_Table`;
CREATE TABLE `Scheme_Table` (
  `Id` bigint(20) NOT NULL auto_increment,
  `Name` text,
  `Abbr` text,
  PRIMARY KEY  (`Id`)
) ENGINE=MyISAM DEFAULT CHARSET=latin1;

--
-- Dumping data for table `Scheme_Table`
--


/*!40000 ALTER TABLE `Scheme_Table` DISABLE KEYS */;
LOCK TABLES `Scheme_Table` WRITE;
INSERT INTO `Scheme_Table` VALUES (1,'Appointment','appt'),(2,'Company','cmp'),(3,'Composite_Query',''),(4,'Contact','cntc'),(5,'Notes','note'),(6,'Project','proj'),(7,'Report',''),(8,'Report_Conditioning',''),(9,'Report_Parameters',''),(10,'Report_Templates',''),(11,'Report_Type',''),(12,'Scheme_Field',''),(13,'Scheme_Table',''),(14,'Status','sts'),(15,'Task','tsk'),(16,'Time','tm'),(17,'Work',''),(18,'role_services',''),(19,'roles',''),(20,'services',''),(21,'user_roles',''),(22,'users','');
UNLOCK TABLES;
/*!40000 ALTER TABLE `Scheme_Table` ENABLE KEYS */;

--
-- Table structure for table `Status`
--

DROP TABLE IF EXISTS `Status`;
CREATE TABLE `Status` (
  `Id` bigint(20) NOT NULL auto_increment,
  `Name` text,
  `Class` text,
  `Sequence` int(11) default NULL,
  `Prog_Enum` int(11) default NULL,
  PRIMARY KEY  (`Id`)
) ENGINE=MyISAM DEFAULT CHARSET=latin1;

--
-- Dumping data for table `Status`
--


/*!40000 ALTER TABLE `Status` DISABLE KEYS */;
LOCK TABLES `Status` WRITE;
INSERT INTO `Status` VALUES (1,'Awaiting Approval','Project',0,0),(2,'High Level Design','Project',1,0),(3,'Planned','Task',1,10),(4,'In Progress','Task',2,20),(5,'Complete','Task',2,30),(6,'Developing','Project',3,0),(7,'Invoiced','Task',3,40),(8,'Pre Invoice','Time',0,110),(9,'Invoiced','Time',1,120),(10,'Paid','Time',2,130),(11,'Prospect','Company',0,0),(12,'Active','Company',1,0),(13,'Paid','Task',5,50),(14,'Estimate','Task',0,5),(15,'Former','Company',0,0),(16,'Complete','Project',2000,0),(17,'No Charge','Task',6,60),(18,'No Charge','Time',3,140),(19,'Need to Estimate','Task',-1,2),(20,'Archived','Project',3000,3000);
UNLOCK TABLES;
/*!40000 ALTER TABLE `Status` ENABLE KEYS */;

--
-- Table structure for table `Task`
--

DROP TABLE IF EXISTS `Task`;
CREATE TABLE `Task` (
  `Id` bigint(20) NOT NULL auto_increment,
  `Project` bigint(20) default NULL,
  `Name` text,
  `Description` text,
  `Start` datetime default NULL,
  `Task_Order` int(11) default NULL,
  `Hierarchy` int(11) default NULL,
  `Status` bigint(20) default NULL,
  `Percent_Complete` int(11) default NULL,
  `Parent_Task` bigint(20) default NULL,
  `Estimate` double default NULL,
  `Estimated_Time` double default NULL,
  `Actual_Time` double default NULL,
  `Requestor` bigint(20) default NULL,
  `Requested` date default NULL,
  `Estimated_End` datetime default NULL,
  `Actual_End` date default NULL,
  PRIMARY KEY  (`Id`)
) ENGINE=MyISAM DEFAULT CHARSET=latin1;

--
-- Dumping data for table `Task`
--


/*!40000 ALTER TABLE `Task` DISABLE KEYS */;
LOCK TABLES `Task` WRITE;
INSERT INTO `Task` VALUES (1,1,'High Level Design','UML Design','2006-04-12 15:42:36',1001000,1,5,100,-1,0,NULL,6,NULL,NULL,NULL,NULL),(2,1,'User Interfaces and Logic - Intranet','Design UI Panels and set Business Logic','2006-04-12 15:42:36',1000000,1,5,100,-1,0,NULL,10.5,NULL,NULL,NULL,NULL),(3,2,'GUI Development Input Panels','','2006-04-12 17:02:33',1002000,0,5,100,-1,0,NULL,13.25,NULL,NULL,NULL,NULL),(4,26,'Documention Page on Intranet','','2006-04-19 12:58:27',100,0,4,0,-1,0,NULL,1.25,NULL,NULL,NULL,NULL),(5,2,'Reports','Creating, managing safety reports.','2006-04-21 13:48:19',100000,0,5,100,-1,0,NULL,14.5,NULL,NULL,NULL,NULL),(6,6,'Web Site Update','Add new photos with description in new Page Content to site in folder order, after images only.','2006-05-02 11:49:03',1010000,1,5,100,-1,0,NULL,8,NULL,NULL,NULL,NULL),(7,6,'Xtranet update','Add new documents to sales, New Doc format','2006-05-02 11:49:03',1100000,1,5,100,-1,0,NULL,8,NULL,NULL,NULL,NULL),(8,4,'Web Site - Design and Construct','Build Templates and initial pages','2006-05-02 14:10:16',13000000,1,13,100,-1,0,NULL,10,NULL,NULL,NULL,NULL),(9,4,'Coding Ship Order Entry System','','2006-05-02 14:10:16',12000000,1,13,100,-1,0,NULL,35,NULL,NULL,NULL,NULL),(10,7,'Pick-Up and Pay','Add Payment Authorization Status Bidder, \r\nshow and make sortable on Pickup and Pay','2006-05-07 16:05:51',1000000,0,5,100,-1,0,5,3,NULL,NULL,NULL,NULL),(11,26,'Support','On Call Support for systems','2006-05-09 09:45:47',302,0,4,50,-1,0,10,4.25,NULL,NULL,NULL,NULL),(12,11,'May Support','Support of System','2006-05-13 10:40:39',1000100,0,5,100,-1,0,0,1,NULL,NULL,NULL,NULL),(13,1,'Web Site','','2006-05-02 14:10:16',1000000,1,5,100,-1,0,0,9,NULL,NULL,NULL,NULL),(14,12,'Index page - Emergency Construction','Custom Build Page to look like Popwerpoint last page.  Hand scaling and fixed positinoning of all elements.','2006-05-16 12:25:42',1000000,0,5,100,-1,0,0,4.5,NULL,NULL,NULL,NULL),(15,2,'Phase 2 - GUI Development Input Panels','','2006-04-12 05:02:00',1000,0,5,100,3,0,0,22,NULL,NULL,NULL,NULL),(16,10,'Design and Construct','Phase 1','2006-05-29 18:20:00',1000003,0,5,100,-1,0,0,27.75,NULL,NULL,NULL,NULL),(17,2,'Phase 3 - GUI Development Input Panels','','2006-05-30 14:05:00',1000000,0,5,100,3,0,0,14,NULL,NULL,NULL,NULL),(19,1,'Changes from Customer Feedback','Change business logic and make enhancments based on customer feedback.\r\n\r\n1) When you are writing an inspection up on a project and you get to the deficiency page, the Project and date can not be optional when writing a new def.  They must match the inspection cover sheet. \r\n\r\n2) I do not want the inspector to be able to add/delete or edit a developer nor do I want them to have access to the developer page and list (only admin)  My sales guys will have to enter in a new developer when they land them. \r\n\r\n3) Can we hide the directions for the inspectors when you sign in as a client? \r\n\r\n4) Last, when you begin writing a new inspection, the project drop down is highlighted.  If someone doesnt realize this and they scroll down the page using the mouse, they will end up choosing a different project without realizing it.  ?? \r\n\r\n5) I think we may want to make some slight changes to appearance to simplify for the inspector (Bottons, Bold Next Choices, Etc)  The two guys that have look at the program kept asking me, What do I do Next? \r\n\r\n','2006-05-30 15:14:38',1000000,1,5,100,2,0,10,16.25,NULL,NULL,NULL,NULL),(20,2,'Task and Project Management','','2006-05-31 08:16:00',1000000,0,5,100,-1,0,8,1.5,NULL,NULL,NULL,NULL),(21,6,'Internet Updates','On Going internet updates','2006-06-04 22:55:00',1000000,0,5,100,-1,0,0,3.5,NULL,NULL,NULL,NULL),(22,3,'Tweek User Interfaces','','2006-06-06 20:26:00',100000,0,5,0,-1,0,4,6,NULL,NULL,NULL,NULL),(23,14,'Initial Templates','Design Initial Templates','2006-06-08 12:00:00',1000000,0,5,100,-1,0,0,4,NULL,NULL,NULL,NULL),(24,14,'Spanish/English','This is mode easily accomplished by having a second site in a subdir \'es\' for espanol.','2006-06-09 11:43:00',1000000,0,5,100,-1,0,0,0,NULL,NULL,NULL,NULL),(25,16,'Support','1) block multiple referring physicians\r\n2) referring physicians in alpha order.\r\n3) Provide means to fix cases.','2006-06-12 08:00:00',1000000,0,5,100,-1,0,0,2.5,NULL,NULL,NULL,NULL),(26,2,'Modifications and Enhancements','Ongoing modifications and enhancements to safety system.','2006-05-30 14:05:00',1000001,0,5,100,3,0,0,46,NULL,NULL,NULL,NULL),(28,1,'Standalone Client','Create Standalone client and synching code','2006-07-08 12:21:00',1000000,0,5,100,-1,0,40,62.75,NULL,NULL,NULL,NULL),(29,17,'Lees Requests 7/10','Lees Requests 7/10','2006-07-10 15:29:00',1000000,0,5,100,-1,0,0,17.5,NULL,NULL,NULL,NULL),(30,2,'July GUI Refinement for I/A','More work, beginning w \r\nVincent Gross notes Widen E Contact list Admin to Corp, Add Unlin, Shift ABCMods to various list, replace checkboxes with yse no radio buttons.\r\n','2006-07-03 14:05:00',1000000,0,5,100,17,0,0,18,NULL,NULL,NULL,NULL),(31,18,'New Work, July','Meeting, new web content, Inventory Adjustment ','2006-07-18 19:15:00',1000001,0,5,100,-1,0,0,8,NULL,NULL,NULL,NULL),(32,1,'More Changes from Heather','Add Project Status to Inspection\r\nRemove Comment from Project\r\nMake Poject List show Contact, not Comment','2006-07-18 19:25:00',1000000,0,5,100,-1,0,0,5,NULL,NULL,NULL,NULL),(33,11,'July Support','Find and fix issue with KleenTex orders','2006-07-24 18:49:00',1000000,0,5,100,-1,0,3,3.5,NULL,NULL,NULL,NULL),(34,10,'Refinements','Phase 1.5','2006-08-01 10:11:48',1000001,0,5,100,-1,0,0,14,NULL,NULL,NULL,NULL),(35,19,'Project Editor Start Date and Checking Combos','Fix prolbems with sequencing days when both project combo and optional selects are done together.  (Days are not being added correctly.)','2006-08-02 09:18:00',1000000,0,5,100,-1,0,0,0,NULL,NULL,NULL,NULL),(36,19,'Status report task sequence and dates.','Status report.\r\nFor tasks with sequenced across days, show different days on the status report.','2006-08-02 09:19:00',200,0,3,0,-1,0,0,0,NULL,NULL,NULL,NULL),(37,19,'Expeditied projects','Problems reported around weekends. date is not added to account for optional tasks.','2006-08-02 09:20:00',200,0,3,0,-1,0,0,0,NULL,NULL,NULL,NULL),(38,19,'Project Complete on Project Search Page','Will you add the production complete date on the project search page. Please add this in the chart after the start date and before the install date. You can make the project name, customer name, file, start date, install date, & paper holder fields smaller. A couple of these can be a lot smaller. This extra data on this screen would be very helpful.','2006-08-03 12:49:00',200,0,3,0,-1,0,0,0,NULL,NULL,NULL,NULL),(39,6,'MSDS Sheets','Add new MSDS to Sales and operations.\r\nConvert all to PDF format','2006-08-07 21:56:00',1000000,0,5,100,-1,0,0,0.75,NULL,NULL,NULL,NULL),(40,20,'Build','Build version 1','2006-08-10 10:19:00',1000000,0,5,100,-1,0,20,20,NULL,NULL,NULL,NULL),(41,1,'PDF Reports','Reformatting of Inspection reports','2006-08-15 14:44:00',1000000,0,5,100,-1,0,4,4,NULL,NULL,NULL,NULL),(42,20,'First 3 Sites','WTCIPRESENTS.COM & WTCIPRESENTS.ORG & \r\nSPLASH-TV.COM & SPLASHTUBE.COM\r\nall point to 248.\r\n\r\nI\'d like, however, to have the application run at this address:\r\nhttp://www.splash-tv.com/wtci for WTCI, obviously, and so forth.\r\n\r\nIn the directories for WTCIPRESENTS.COM & WTCIPRESENTS.ORG there will  \r\nsimply be an html refresh to the http://www.splash-tv.com/wtci  \r\ndirectory.\r\n\r\nthus the SPLASH-TV directory contains sub-directories ->  wtci  -  \r\nmhk - splash-tv\r\n\r\nwith more likely to follow.\r\nLet me know if any of this sounds stupid of if I have missed an issue.\r\n','2006-08-22 14:47:00',1000300,0,5,100,-1,0,0,0,NULL,NULL,NULL,NULL),(43,1,'OFFLINE FEEDBACK CHANGES','1. New Keep Data on inspection\r\n2. Local delete\r\n3. Move Upload data to top menu bar. {Upload Data]\r\n4. Refresh tree on inspection changes\r\n','2006-08-25 11:21:00',1010000,0,5,100,-1,0,0,0,NULL,NULL,NULL,NULL),(44,20,'Training','Training Code','2006-08-25 11:46:00',1000000,0,5,100,-1,0,0,18.25,NULL,NULL,NULL,NULL),(45,20,'Updates','Exteded functionality','2006-08-29 11:41:00',1000000,0,5,100,-1,0,0,4,NULL,NULL,NULL,NULL),(48,2,' Mohawk Dev Site','Create a generic template for GP content on the safety site.','2006-08-30 19:14:00',1000001,0,5,100,-1,0,0,3,NULL,NULL,NULL,NULL),(49,21,'Mail form for splash','Create a mail form and set up a site to run it from ','2006-08-30 19:15:00',1000000,0,5,100,-1,0,0,1,NULL,NULL,NULL,NULL),(50,17,'Mail Forms','Mail Forms\r\n\r\nUpdate Appointement requuest, build workers comp form.','2006-08-30 19:19:00',1000000,0,5,100,-1,0,0,2.5,NULL,NULL,NULL,NULL),(51,2,'Train and Test System','Initial functionality for train/test to be integrated with media presenter','2006-08-31 12:15:00',1000001,0,5,100,-1,0,0,49,NULL,NULL,NULL,NULL),(52,22,'ECommerce Account','ECommerce Account','2006-09-05 15:48:00',1000000,0,5,100,-1,0,0,2,NULL,NULL,NULL,NULL),(53,2,'I/A Data Validation','Form Validation and post form TODO\'s for data integrity','2006-09-15 16:20:00',1000001,0,5,100,-1,0,0,3,NULL,NULL,NULL,NULL),(54,2,'Media and training fixes','Minor Fixes after 9/13 meeting','2006-09-15 18:43:00',2000000,0,5,100,-1,0,0,7.5,NULL,NULL,NULL,NULL),(55,22,'Site Changes','To Kleen Tex IDs.\r\nFix blank of order adjust\r\nReal Proof.\r\n','2006-09-16 11:21:00',2000000,0,5,100,-1,0,0,1,NULL,NULL,NULL,NULL),(56,16,'Support','Support, Fixes, Upgrades\r\n','2006-09-16 11:26:00',1000500,0,5,100,-1,0,0,3,NULL,NULL,NULL,NULL),(57,1,'Quality Assurance','Quality Assurance for both online/offline','2006-09-18 12:18:00',2000000,0,5,100,-1,0,0,2,NULL,NULL,NULL,NULL),(58,2,'New Pereto Report(s)','New Pereto Report(s)\r\n','2006-09-20 11:24:00',1000001,0,5,100,-1,0,0,6.75,NULL,NULL,NULL,NULL),(59,22,'General','For General Maintenance support configuration and training','2006-09-29 07:51:00',1000005,0,5,100,-1,0,0,1,NULL,NULL,NULL,NULL),(60,22,'Payment Processor Link Up','Finalizing link to NOVA merchant account link to Trust Commerce (via clix?)','2006-10-03 15:03:00',1000000,0,5,100,-1,0,0,1,NULL,NULL,NULL,NULL),(61,2,'I/A Form Maintenance','General Task for work on I/A Form','2006-10-11 15:56:00',1000001,0,5,100,-1,0,0,12.5,NULL,NULL,NULL,NULL),(62,19,'Project install Dates','New Sorting for Install Date\r\nHad to add Not Scheduled hiddend column and changed default sort to sort inverse.','2006-10-24 08:36:00',1000000,0,5,100,-1,0,0,1.25,NULL,NULL,NULL,NULL),(63,23,'Spell Checking and Email','Spell Check Custom Dictionary\r\nSpell check uploaded document\r\nTO DO: Misspelled items','2006-10-24 10:53:00',1000000,0,5,100,-1,0,3,28,NULL,NULL,NULL,NULL),(64,23,'Email Client','Email client when new inspections have been created and spell checked.\r\nNeed to be able to enter multiple email addresses for each client and also \r\ndifferent email addresses for each project.','2006-10-24 10:53:00',1000000,0,5,100,-1,0,4,0.5,NULL,NULL,NULL,NULL),(65,23,'Daily Inspections','Add Daily Inspections to online.\r\n(Later to do off-line)','2006-10-24 10:53:00',1000001,0,5,100,-1,0,8,26.5,NULL,NULL,NULL,NULL),(66,23,'Imaging','<p>Capability to assign and upload images to deficiencies from digital camera. </p><p>- User plugs in camera - Store preference for path (drive) to digital camera per user. (if we have to)<br /> </p><p>- Off-line scans for images, allows attachment to deficiencies </p><p>- On-line allows inspector to upload / assign uploaded images to deficiencies. </p><p>- Images flagged as deficiency or corrected. Images available to developers in Project Tree.  </p>','1900-11-00 00:00:00',1000005,0,5,100,-1,0,6,71.25,NULL,NULL,NULL,NULL),(67,24,'Training Manual','Manual on Site administration.','2006-10-24 14:51:00',1000000,0,5,100,-1,0,4,9.5,NULL,NULL,NULL,NULL),(68,24,'Exit pages','Landing Pages and product entry for Exit Realty','2006-10-24 14:51:00',1000000,0,5,100,-1,0,0,7,NULL,NULL,NULL,NULL),(69,24,'DISCOUNT COUPON','Discount Coupon in Session (insert by landing page or by coupon entry page.)\r\nProvide global discount or discount by product.\r\nDISCOUNT OPTIONS\r\n----------------\r\npercentage of price\r\nfree shipping.\r\n','2006-10-24 14:51:00',1000002,0,5,100,-1,0,8,6.75,NULL,NULL,NULL,NULL),(70,25,'Complete Incident Demo Site','Fixes to make the demo site fully functional','2006-10-30 10:36:00',1000000,0,5,100,-1,0,0,2,NULL,NULL,NULL,NULL),(71,26,'New Dynamic Menu','New Dynamic Menu','2006-10-31 08:40:00',1000001,0,5,100,-1,0,0,8,NULL,NULL,NULL,NULL),(72,10,'After demo fixes','After demo fixes','2006-11-06 16:49:00',1000000,0,5,100,-1,0,0,0,NULL,NULL,NULL,NULL),(73,6,'FAX No - Date','Add FAX Numbers to generated documents O and S.\r\nFL: 866-288-6958\r\nALL ELSE: 770-387-2728\r\n(Must add Fax No to division)\r\nAlso set Sales Date to SO Creation not NOW.\r\n\r\n\r\n','2006-11-09 11:48:00',1000009,0,5,100,-1,0,0,5.75,NULL,NULL,NULL,NULL),(74,24,'Correct char max for size and orientation',' ** NOTE - Characters could also mean empty spaces.  In other words, a space\r\n> also counts as a character. \r\n> 2\'x3\' Horizontal -- 16 characters \r\n> 3\'x4\' Vertical  -- 16 characters \r\n> 3\'x4\' Horizontal -- 22 characters \r\n> 3\'x5\' Vertical  -- 16 characters \r\n> 3\'x5\' Horizontal -- 24 characters \r\n> 4\'x6\' Vertical -- 22 characters \r\n> 4\'x6\' Horizontal -- 28 characters ','2006-11-13 15:10:00',1000000,0,5,100,-1,0,3,6.75,NULL,NULL,NULL,NULL),(75,23,'Legacy Data Reports','Fix appearance of legacy reports.','2006-11-13 16:00:00',1000000,0,5,100,-1,0,3,0,NULL,NULL,NULL,NULL),(76,20,'Media Editor','Make sure all media / folder editors work.','2006-11-13 16:20:00',1000008,0,5,100,-1,0,0,0,NULL,NULL,NULL,NULL),(77,27,'Diagnose, create workaround for login','Create a workaround for login failures due to new database installtion.','2006-11-16 15:45:00',1000000,0,5,100,-1,0,0,1,NULL,NULL,NULL,NULL),(78,23,'Inpection Forms','Business Rules for Inspection Forms','2006-12-06 20:36:00',1000010,0,5,100,-1,0,0,0.75,NULL,NULL,NULL,NULL),(79,19,'General Updates - Support','Wildcard % Project searches, next page search corruption','2006-12-07 07:59:00',2000008,0,5,100,-1,0,0,6.5,NULL,NULL,NULL,NULL),(80,21,'Servers','Support 205.144.210.12 server','2006-12-11 14:14:00',1010000,0,5,100,-1,0,0,1,NULL,NULL,NULL,NULL),(81,30,'Generic Template and Commercial Logic','New Template and Logic','2006-12-13 20:57:00',1000001,0,5,100,-1,0,0,32.5,NULL,NULL,NULL,NULL),(83,24,'In-Site Training','On-Site Training ','2006-12-19 11:38:00',1000000,0,5,100,-1,0,0,2,NULL,NULL,NULL,NULL),(84,6,'Support','General Support','2006-12-20 17:21:00',50,0,4,50,-1,0,0,1,NULL,NULL,NULL,NULL),(85,30,'Back End Admin Changes','Changes to the administration of the site.','2006-12-20 17:24:00',1000020,0,5,100,-1,0,0,5.25,NULL,NULL,NULL,NULL),(86,2,'2007 Support and Development','2007 Support and Development','2007-01-12 12:05:00',1002000,0,5,100,-1,0,0,97,NULL,NULL,NULL,NULL),(87,32,'Auxion Training Sessions','Training Sessions','2007-01-17 16:02:00',1000000,0,5,100,-1,0,0,2,NULL,NULL,NULL,NULL),(88,33,'Color Lab','','2007-01-22 08:58:00',1002000,0,5,100,-1,0,8,6,NULL,NULL,NULL,NULL),(89,33,'Scroll Bar','','2007-01-22 08:58:00',1002000,0,5,100,-1,0,8,25,NULL,NULL,NULL,NULL),(90,23,'Support','<p><font face=\"Arial\" size=\"2\"><span style=\"font-size: 10pt; font-family: Arial\">12/13/07 To-do list needs to be dedicated per inspector.  Right now everybody can see the list but it has everybody&rsquo;s jobs on it instead of just their to-do&rsquo;s under their sign-in.</span></font></p><p>&nbsp;</p><p><font face=\"Arial\" size=\"2\"><span style=\"font-size: 10pt; font-family: Arial\">12/17/07 Sign in as scott milholland and check the daily inspections.  He can see all of Hydrospec&rsquo;s projects if he selects a project of his. Please fix asap </span></font></p><p>&nbsp;</p><p>12/04/08 Next I&#39;ll work on having the TO DO target actions come back to the TODO list.<br /> </p><p><font face=\"Arial\" size=\"2\"><span style=\"font-size: 10pt; font-family: Arial\">1/2/08 I have had a bunch of emails returned over the last week, has anything changed?</span></font></p><p><font size=\"2\">1/9/08 </font><font face=\"Arial\" size=\"2\"><span style=\"font-size: 10pt; font-family: Arial\"> I need to talk to you about client subscribers and the looks of the program DONE<br /></span></font></p><p>1/15/09 <font face=\"Arial\" size=\"2\"><span style=\"font-size: 10pt; font-family: Arial\">What can we do with the logo on all the daily inspection pages, Daily fixes DONE</span></font></p><p>1/17/08 Client Subscriber Project View, fix projects. DONE.</p><p>1/15/08 Do you want me to add a view report to the daily? <br /></p><p><font face=\"Arial\" size=\"2\"><span style=\"font-size: 10pt; font-family: Arial\">Is there anyway to switch the inspections for Tanglewood Estates and Tanglewood Crest except for the last inspection on 1/14/08</span></font></p>  <p>&nbsp;</p><p>&nbsp;</p><p>&nbsp;</p><p>&nbsp;</p>  <p>&nbsp;</p><p>&nbsp;</p><p>&nbsp;</p><p>&nbsp;</p><p>&nbsp;</p><p>&nbsp;</p><br />','2007-01-25 08:30:00',1000005,0,5,100,-1,0,0,86.5,1,NULL,NULL,NULL),(91,34,'Template Refresh',' 1.  Format  The website alignment & appearance look different on varying computers.\r\n\r\nThis will take a refresh of the current template(s)\r\n\r\n','2007-01-25 11:06:00',3000,0,14,0,-1,0,4,0,NULL,NULL,NULL,NULL),(92,34,'Forms Interfaces','(6 Hours for each major form item x 4) t=24\r\n(4 hours extra for special form logic) (t=28)\r\n 2. Appointment Request Link  1 of 4 forms\r\n 1. Needs a First Available added to the Physician field.   (part of lookups - 2 hours) t=30\r\n 2. Needs Pop-up Calendar for Proposed Date.                  (AJAX component - 4 hours) t=34\r\n 3. Needs a free-text field for Comments under Have you      (part of forms)\r\n               Been to our office before. \r\n\r\n 3. Workers Compensation Link  2 of four forms\r\n         1. Needs apostrophe after the s in link title, to read Workers Compensation, make same correction to the title of the form.                                                 (fixed)\r\n         2. First field Date needs to automatically fill-in with the current date.  (forms logic)\r\n         3. Appointment Date field needs to read, Desired Appointment Date        (part of forms changes)\r\n         4. Time field should read Desire Time.(part of forms changes)\r\n         5. Add First Available to Dr. field.                                 (part of lookups)\r\n         6. All fields requiring a date need calendar pop-ups.\r\n         7. Date formats need to be easily filled in regarding format (hyphens, slashes, etc..) or give an example of what the format needs to be.                          (part of forms db changes)\r\n         8. Right, Left, Bilat, etc need to have check or x boxes to click on, not free text fields.                (part of forms db changes)\r\n         9. Add apostrophe after s in Workers Compensation Carrier (done)\r\n        10. There needs to be a filled in form for Mohawk, Beaulieu, Hamilton Medical Center, Shiroki North America Inc, J& J Industries, Shaw, Springs Industries.  (special logic quoted above)\r\n        11. Form needs to go to sjackson@aosmclinic.com , right now it does not go anywhere. (email logic - included in special logic est. above)\r\n\r\n   5. Patient Forms  Need to be able to be filled in on-line and submitted to AOSM,\r\n      sjackson@aosmclinic.com   ( 2 of the 4 forms)\r\n\r\n\r\n\r\n','2007-01-25 11:06:00',1003000,0,5,100,-1,0,34,0,NULL,NULL,NULL,NULL),(94,30,'General Support and Development','<table border=\"0\"><tbody><tr><td> <p><strong>NEW STATIONS TO BE ADDED:</strong></p><div><a href=\"http://lspt.pbsauctions.com/\" target=\"_blank\">LSPT.pbsauctions.com</a> (Merriville Ind / Chicago</div> <div>LSPTADMIN (Log In)</div> <div>LSPT2008 (Password)</div> <div> </div> <div><a href=\"http://mpbn.pbsauctions.com/\" target=\"_blank\">MPBN.pbsauctions.com</a> (Maine)</div> <div>MPBNADMIN (Log In)</div> <div>MPBN2008 (Password) <br /></div><div><a href=\"http://wcny.pbsauctions.com/\" target=\"_blank\">WCNY.pbsauctions.com</a> (Syracuse)</div><div>WCNYADMIN</div><div>WCNY2008</div><div> </div><div><a href=\"http://wcet.pbsauctions.com/\" target=\"_blank\">WCET.pbsauctions.com</a> (Cincinnati)</div><div>WCETADMIN</div><div>WCET2008</div></td><td><div><strong>Steps:</strong></div><div>Replicate Model site.</div><div>run recurseDirMod on new site </div><div>Replicate Model database<br /></div><div>Add new site and link to apache config</div><div>Restart apache </div><div>Create encrypted connect strings for site access to new database</div><div>Create site data in metasite</div><div>Add DNS entry</div><div>Test/Debug/Customize Content<br /></div><div> </div><div> <br /></div> </td></tr></tbody></table><p> New Functionality:</p><p>The warehousing location should have:<br />location name<br />abbreviation<br />room<br />shelf/bin no<br />building no<br />address info.<br />(I am going to put more into it than they may need to cover future situations.) <br />Of course the combo itself will just have the location name or abbreviation to choose from.<br /><br />Assign the location to the ITEM and the DONATION</p><p>Software automatically assign the location to all items under a donation</p><p>Then let the auctioneer re-assign items to different locations if necessary. <br /><br />e. </p><div>Everything looks great.&nbsp; I have set up three demo cycle Demo Auction One is Active.&nbsp; </div> <div>&nbsp;</div> <div>Issue One:</div> <div>&nbsp;</div> <div>Like WOSU when first installed, if you click bid it only offers you sign in, it does not send you to register is you have not registered.</div> <div>&nbsp;</div> <div>Issue Two</div> <div>&nbsp;</div> <div>When you click bid after registering if you bid on next increment the home page auto updates.&nbsp; If you enter a higher number, it does not auto update.&nbsp; If you refresh the page it updates the home page.</div> <div>&nbsp;</div> <div>Other than this . . . very positive.</div> <div>&nbsp;</div> <div>Perry</div> <div>&nbsp;</div><p>&nbsp;</p><br /><div> </div><br /><br /><p>&nbsp;</p>','2007-01-27 09:27:00',1000002,0,5,100,-1,0,0,77.75,NULL,NULL,NULL,NULL),(93,34,'Web Content','   4. Add an Imaging Link\r\n\r\n          1. On the home page, on left, under the phone number, please add in bold,\r\n\r\n              NOW OFFERING ON-SITE MRI SERVICES WITH SAME DAY\r\n\r\n             APPOINTMENTS.\r\n\r\n      2.I will email a few images of the scanner for placement on the site.','2007-01-25 11:36:00',1003000,0,5,100,-1,0,2,0,NULL,NULL,NULL,NULL),(95,10,'2007 Maintenance ','2007 Maintenance ','2007-01-29 10:32:00',1000001,0,5,100,-1,0,0,22.75,NULL,NULL,NULL,NULL),(96,23,'Daily Inspections - Offline','Add Daily Inspections to off-line.','2006-10-24 10:53:00',1000000,0,5,100,-1,0,5,17.5,NULL,NULL,NULL,NULL),(97,11,'2007 Support and Development','<h1>2007 Support and Development</h1><p> <span style=\"font-size: 10pt\"> Hi!<br /> <br /> Thanks for ordering a dedicated server from A+ Hosting. We hope that you enjoy our service and reliability, and that you continue with us for a long time to come. We also want you to know that we are here working more than full time to make sure that the service we provide you is of the highest quality, so that your website grows and your customers/visitors keep coming back.<br /> <br /> Remember that we are always here to help you with any problem you may have with your hosting account. If you have any problems and wish to contact us, please login to our ticket system at:<br /> <br /> <a href=\"https://secure.aplushosting.com/tickets/index.php?group=serverpoint\" target=\"_blank\" onclick=\"return top.js.OpenExtLink(window,event,this)\">https://secure.aplushosting.com/tickets/index.php?group=serverpoint</a><br /> <br /> We also want to hear your opinions and suggestions. Our service keeps improving thanks to the feedback of our customers. Anytime you have something to say, let us know. All suggestions and/or complaints are personally taken into consideration by the top management and system administrators of the company, so that improvements and decisions are made immediately.<br /> <br /> Now, your server has been built, configured and thoroughly tested for reliability and performance. Your password is:<br /> <br /> Username: root<br /> Password: L33NT2nL<br /> <br /> IP number(s): <a href=\"http://72.18.199.20/\" target=\"_blank\" onclick=\"return top.js.OpenExtLink(window,event,this)\">72.18.199.20</a> - <a href=\"http://72.18.199.23/\" target=\"_blank\" onclick=\"return top.js.OpenExtLink(window,event,this)\">72.18.199.23</a><br /> <br /> <br /> <br /> There is also a web based control panel to help you manage your account with A+ Hosting and to manage special services provided by us. It is located at:<br /> <br /> <a href=\"http://www.apluspanel.com/\" target=\"_blank\" onclick=\"return top.js.OpenExtLink(window,event,this)\"><!-- D([\"mb\",\"http://www.apluspanel.comu003c/a>u003cbr> u003cbr> You can login with the following username and password:u003cbr> u003cbr> username: kleent01u003cbr> password: L33NT2nLu003cbr> u003cbr> Please be aware that your login information to this software will be enabled within the next 7 days. Access to this area is not necessary for you to manage your server.u003cbr> u003cbr> As an addition to our service, we provide with your very own MRTG graphs which are used to monitor the bandwidth activity of your server. You will receive the link to your MRTG graph within a few days.u003cbr> u003cbr> If you have any questions, don&#39;t hesitate to contact us.u003cbr> u003cbr> Before emailing for technical support questions, please make sure to read our Dedicated / Colocation Support Procedures page to know what type of support A+ Hosting will provide for your brand new dedicated server.u003cbr> u003cbr> u003ca hrefu003d\"http://www.serverpoint.com/english/dedicated-supportplans.phtml\" targetu003d\"_blank\" onclicku003d\"return top.js.OpenExtLink(window,event,this)\">http://www.serverpoint.comu003cWBR>/english/dedicated-supportplansu003cWBR>.phtmlu003c/a>u003cbr> u003cbr> We wish you good luck and success,u003cbr> u003cbr> The hard working team at A+ Hostingu003cbr> u003cbr> :)u003cbr> u003cbr> p.s.: Please do not reply to this email.u003cbr> ____________________________u003cbr> Customer Support Department :)u003c/span>u003c/p>  u003c/div>  u003c/div>   \",0] );  //-->http://www.apluspanel.com</a><br /> <br /> You can login with the following username and password:<br /> <br /> username: kleent01<br /> password: L33NT2nL<br /> <br /> Please be aware that your login information to this software will be enabled within the next 7 days. Access to this area is not necessary for you to manage your server.<br /> <br /> As an addition to our service, we provide with your very own MRTG graphs which are used to monitor the bandwidth activity of your server. You will receive the link to your MRTG graph within a few days.<br /> <br /> If you have any questions, don&#39;t hesitate to contact us.<br /> <br /> Before emailing for technical support questions, please make sure to read our Dedicated / Colocation Support Procedures page to know what type of support A+ Hosting will provide for your brand new dedicated server.<br /> <br /> <a href=\"http://www.serverpoint.com/english/dedicated-supportplans.phtml\" target=\"_blank\" onclick=\"return top.js.OpenExtLink(window,event,this)\">http://www.serverpoint.com/english/dedicated-supportplans.phtml</a><br /> <br /> We wish you good luck and success,<br /> <br /> The hard working team at A+ Hosting<br /> <br /> :)<br /> <br /> p.s.: Please do not reply to this email.<br /> ____________________________<br /> Customer Support Department :)</span></p><p>&nbsp;</p><div>  <div>  <p><font face=\"Arial\" size=\"2\"><span style=\"font-size: 10pt; font-family: Arial\">David, <span>We</span> discussed the following and basically decided to go forward pending your quote for the following.</span></font></p>  <p style=\"margin-left: 1.25in; text-indent: -0.25in\"><font face=\"Arial\" size=\"2\"><span style=\"font-size: 10pt; font-family: Arial\"><span>1.<font face=\"Times New Roman\" size=\"1\"><span>&nbsp;&nbsp;&nbsp;&nbsp;&nbsp;&nbsp; </span></font></span></span></font><font face=\"Arial\" size=\"2\"><span style=\"font-size: 10pt; font-family: Arial\">Thumbnails of actual mats ordered displayed at checkout <span>pages .</span><span>&nbsp;&nbsp; </span></span></font></p>  <p style=\"margin-left: 1.25in; text-indent: -0.25in\"><font face=\"Arial\" size=\"2\"><span style=\"font-size: 10pt; font-family: Arial\"><span>2.<font face=\"Times New Roman\" size=\"1\"><span>&nbsp;&nbsp;&nbsp;&nbsp;&nbsp;&nbsp; </span></font></span></span></font><font face=\"Arial\" size=\"2\"><span style=\"font-size: 10pt; font-family: Arial\">Go forward with hosting on <span>a <span>&nbsp;</span><span><span class=\"st\">Kleen</span></span></span><span>-tex</span> server[Box]<span>&nbsp; </span>Get in touch with Chris @ K.T.</span></font></p>  <p style=\"margin-left: 1.25in; text-indent: -0.25in\"><font face=\"Arial\" size=\"2\"><span style=\"font-size: 10pt; font-family: Arial\"><span>3.<font face=\"Times New Roman\" size=\"1\"><span>&nbsp;&nbsp;&nbsp;&nbsp;&nbsp;&nbsp; </span></font></span></span></font><font face=\"Arial\" size=\"2\"><span style=\"font-size: 10pt; font-family: Arial\">The Design A Mat link is confusing to customer service<span>&nbsp; </span>We may have to eliminate</span></font></p>  <p style=\"margin-left: 1.25in; text-indent: -0.25in\"><font face=\"Arial\" size=\"2\"><span style=\"font-size: 10pt; font-family: Arial\"><span>4.<font face=\"Times New Roman\" size=\"1\"><span>&nbsp;&nbsp;&nbsp;&nbsp;&nbsp;&nbsp; </span></font></span></span></font><font face=\"Arial\" size=\"2\"><span style=\"font-size: 10pt; font-family: Arial\">On Design A Mat P.O. it is showing wrong phone # should be 877 899 1100</span></font></p>  <p style=\"margin-left: 1.25in; text-indent: -0.25in\"><font face=\"Arial\" size=\"2\"><span style=\"font-size: 10pt; font-family: Arial\"><!-- D([\"mb\",\"u003cspan>5.u003cfont sizeu003d\"1\" faceu003d\"Times New Roman\">u003cspan> u003c/span>u003c/font>u003c/span>u003c/span>u003c/font>u003cfont sizeu003d\"2\" faceu003d\"Arial\">u003cspan styleu003d\"font-size:10.0pt;font-family:Arial\">Chris at\nK.T. believes he can handle color problem without writing a program. Will\nadvise when it is working.u003cspan> u003c/span>Thanksu003cspan> u003c/span>u003cspan>Dpu003c/span>u003cspan> u003c/span>u003c/span>u003c/font>u003c/p>\n\nu003c/div>\n\nu003c/div>\n\n\nu003cbr>\n\nu003cp>u003cfont sizeu003d\"2\">--u003cbr>\nInternal Virus Database is out-of-date.u003cbr>\nChecked by AVG Free Edition.u003cbr>\nVersion: 7.5.432 / Virus Database: 268.17.12/653 - Release Date: 1/26/2007 11:11 AMu003cbr>\nu003c/font> u003c/p>\n\",0] );  //--><span>5.<font face=\"Times New Roman\" size=\"1\"><span>&nbsp;&nbsp;&nbsp;&nbsp;&nbsp;&nbsp; </span></font></span></span></font><font face=\"Arial\" size=\"2\"><span style=\"font-size: 10pt; font-family: Arial\">Chris at K.T. believes he can handle color problem without writing a program. Will advise when it is working.<span>&nbsp;&nbsp;&nbsp;&nbsp; </span>Thanks<span>&nbsp; </span><span>Dp</span><span>&nbsp;&nbsp;&nbsp;&nbsp;&nbsp;&nbsp;&nbsp;&nbsp;&nbsp;&nbsp;&nbsp;&nbsp;&nbsp; </span></span></font></p>  </div>  </div>   <br />  <br /><p>&nbsp;</p>','2007-01-31 14:44:00',32,0,4,0,-1,0,0,37.5,NULL,NULL,NULL,NULL),(98,35,'P&L and Operations forms','Form Clean-up \r\nOperations and Sales\r\nP&L Systems and Entry forms.\r\n','2007-02-07 10:13:00',1000000,0,7,100,-1,0,0,14.25,NULL,NULL,NULL,NULL),(99,35,'Change Instructions','Change Instructions on substrate Double Scrub\r\nOn\r\nCeramic, porcelain, quarry tile, use Terrazzo as guide.','2007-02-07 10:13:00',1000000,0,7,100,-1,0,0,0,NULL,NULL,NULL,NULL),(100,35,'Photo','Before and After Photo\r\n\r\nLOW PRIORITY','2007-02-07 10:13:00',302,0,3,0,-1,0,0,0,NULL,NULL,NULL,NULL),(101,35,'Mail System','Mail Systems with Report Attachments.\r\n','2007-02-07 10:13:00',302,0,3,0,-1,0,0,0,NULL,NULL,NULL,NULL),(102,35,'Schedule Creation','Create Schedule / Calendar\r\nCalls, Meeting, or TODOs\r\nLine Seperators on Daily View\r\n\r\nCalls, TODOS , Phone Numbers, Contact  on Left.\r\nReschedule Ability for all items.\r\nPersistent Scheduled Work.\r\n\r\n\r\n\r\n\r\n\r\n\r\n','2007-02-07 10:13:00',302,0,19,0,-1,0,0,0,NULL,NULL,NULL,NULL),(103,35,'Contractor Company and Contacts.','Contact, Company for both customers and contractors.\r\nAdd Type field to both to distinguish.\r\n','2007-02-07 10:13:00',302,0,5,0,-1,0,0,0,NULL,NULL,NULL,NULL),(104,35,'Job Snapshot','Job Snapshot\r\nOne document that has all the details of the job.','2007-02-07 11:57:00',30,0,19,0,-1,0,0,0,NULL,NULL,NULL,NULL),(105,35,'Meeting / High Level Design','Meeting / High Level Design of new P&L\r\n','2007-02-07 13:00:00',30,0,5,0,-1,0,0,2,NULL,NULL,NULL,NULL),(106,36,'Report Generation','Work portion of Kickoff Meeting, Report generation','2007-02-09 15:32:00',400,0,4,30,-1,0,40,37,1,NULL,NULL,NULL),(107,35,'Notes Consolidation','DAVID:\r\nIf we plan to use as a x net data base, we will need all notes that\r\nare in jobs to be consolidated by contacts/companies for quick review\r\nof customer status.  I believe they should be date and job name stamped.\r\nJust a thought to note as you move forward.\r\ntom','2007-02-13 17:23:00',30,0,19,0,-1,0,0,0,NULL,NULL,NULL,NULL),(108,37,'Build out new site','Template and all','2007-02-14 09:02:00',30,0,4,90,-1,0,0,9,NULL,NULL,NULL,NULL),(109,36,'Reverse Engineering database and JSP','','2007-02-20 08:28:00',1000700,0,5,100,-1,0,0,2,1,NULL,NULL,NULL),(110,30,'Server Maintenance','Server Maintenance','2007-02-20 08:38:00',1000020,0,5,100,-1,0,0,1,NULL,NULL,NULL,NULL),(111,37,'Improved logic','Improved logic\r\nChanges in logic, fixes for template and script issues caused by WOSU subdirctory.','2007-02-22 16:51:00',30,0,4,90,-1,0,0,10,NULL,NULL,NULL,NULL),(112,36,'General Operations Support','<p>General Operations Support</p><p>Ongoing work with no end date.&nbsp;</p>','2007-02-26 14:23:00',1004000,0,5,100,-1,0,0,112.75,NULL,NULL,NULL,NULL),(113,11,'General Support','All else','2007-02-28 07:22:00',102,0,14,0,-1,0,0,0.5,NULL,NULL,NULL,NULL),(114,36,'Task Manager - Tickets','Create and install task management on info server.','2007-03-02 08:30:00',1000008,0,5,100,-1,0,0,34.5,1,NULL,NULL,NULL),(124,19,'External Project Reporting for customers','External Project Reporting for customers\r\nAllow customers to sign in and review only their projects.\r\nA special project viewer with reports.\r\nNeed to complete by 29/30th of March','2007-04-04 13:26:00',50,0,4,0,0,0,0,0,1,'2007-04-04',NULL,NULL),(117,2,'Automatic Backup and Failover, Development Environment ','<p>Build <strong>PRODUCTION</strong> box, Create fail-over mechanism. <br />Implement SVN in team environment.</p>','2007-03-16 09:24:00',1002000,0,5,100,-1,0,0,36.75,1,'2007-03-16',NULL,NULL),(118,35,'P&L and Operations forms, Rework','Form Clean-up \r\nOperations and Sales\r\nP&L Systems and Entry forms.\r\n','2007-02-07 10:13:00',50,0,4,90,-1,0,0,9.5,-1,'2007-03-16',NULL,NULL),(119,19,'Pre Production Calendar','Develop Pre-Production Stages and calendar to track work before project approval.\r\n','2007-03-19 22:56:00',1000004,0,5,100,-1,0,0,9.75,1,'2007-03-19',NULL,NULL),(120,36,'Print Postcard Reports','David,  sorry it took me so long to get this information to you.  Attached file \'very\' briefly walks you through steps to letter generation through McCright systems.\r\n \r\nProcess is the same for yellow, purple or blue servers.\r\n \r\nOur ultimate goal is to be able to chose between generating a file (text) or generating letter document (pdf) for mailing to customers.  We have leased a post card printer from Pitney Bowes and intent to use it initially to replace notification letters and pass result letters.  (Savings on postage, envelopes, paper, etc.)  The software for this printer will except an excel, csv, or text format as an import for data necessary to print the postcards.\r\n \r\nThe only issue not noted on the document is related to \'McCright Local Phone #\'  - we are slowly adding local phone numbers for each housing authority that can be used by our customers to contact the office (obviously to reduce long distance phone cost).  These numbers are not stored anywhere on the database so we have 2 options\r\n\r\n   1. Long term -- create a new field within customer file to store local contact number for McCright and modify letter generation and file generation to retrieve information from Customer file.\r\n   2. Short term -- we can manually update this field once letter file is extracted from database. (as of today we are using 3 local numbers that print on all letters for (Knoxville,Sarasota and Worcester) and we have updated the phone number on the template that is used for letter generation for these housing authorities\r\n\r\n \r\nAny questions, please let me know. KAY','2007-03-21 17:45:00',1000008,0,5,100,-1,0,8,25.5,1,'2007-03-21',NULL,NULL),(121,23,'Marketing Documents','Create Marketing Document on features','1900-03-00 00:00:00',1000000,0,5,100,-1,0,0,0,1,'2007-03-21','2007-05-15 00:00:00',NULL),(122,38,'Media Player for Mary/Learning Center','Install new instance of Media Player with a separate DB\r\nURLs: \r\ntrainingatmohawk.com\r\nlearningatmohawk.com','2007-03-23 10:30:00',1000002,0,5,100,-1,0,0,13,1,'2007-03-23',NULL,NULL),(123,2,'Visitor Pass','Create a visitor pass system that creates a pass for each location.','2007-03-29 09:49:00',1000012,0,5,100,0,0,0,15.5,1,'2007-03-29',NULL,NULL),(125,36,'Public Rent Reasoner','Validated Input for External Clients.\r\n','1900-04-00 00:00:00',1000500,0,5,100,0,0,0,0,1,'2007-04-09',NULL,NULL),(126,37,'Install Reporting','Custom Build and Install of new report engine.','2007-04-19 16:31:00',1001000,0,5,100,0,0,0,2,1,'2007-04-19','4007-04-19 00:00:00','4007-04-19'),(127,39,'Site Maintenance','Update Site to status of current service offerings<br />','2007-04-27 08:16:00',1000,0,14,0,0,0,0,1.5,1,'2007-04-27','4007-04-27 00:00:00','4007-04-27'),(128,40,'Financial Reports','<h3>Financial Reports for Steve</h3><p>Revenue by price bracket<br />Revenue by hour </p>','2007-05-01 10:27:00',1001000,0,5,100,0,0,0,2,1,'2007-05-01','4007-05-01 00:00:00','4007-05-01'),(129,35,'Trial Discount Changes','<p>Implement Trial Discount in Quote (S-13)</p><p>Add Trial Discount by Sq. Ft.</p><p>Auto Calculate on form Total Discount.&nbsp;</p>','2007-05-08 10:13:00',1000,0,14,0,99,0,6,0,1,'2007-05-08','4007-05-08 00:00:00','4007-05-08'),(130,35,'Seperate Intranet Sites','<p>Replicate database, (new encrypted connect strings). 2 hrs</p><p>Remove  &#39;leaving party&#39; data from both databases. 2 hrs</p><p>Replicate Intranets. 3 hrs<br /></p>','2007-05-08 10:19:00',1000,0,14,0,99,0,7,0,1,'2007-05-08','4007-05-08 00:00:00','4007-05-08'),(132,40,'support','','2007-05-09 11:56:00',1001000,0,5,100,128,0,0,15.5,1,'2007-05-09','4007-05-09 00:00:00','4007-05-09'),(131,35,'New GFF Site with intranet','<p>Domain Registration and DNS Setup on w3sys nameserver (2 hours)</p><p>Main / Contact Templates from open source template design with GFF log work (6 hours)</p><p>3 Pages of initial content (home, about us, contact us.) (4 hours)&nbsp;</p><p>&nbsp;</p>','2007-05-08 10:23:00',1000,0,14,0,99,0,12,0,1,'2007-05-08','4007-05-08 00:00:00','4007-05-08'),(133,35,'General Support','Support for operations etc.<br />','2007-05-29 10:33:00',52,0,19,0,0,0,0,14,1,'2007-05-29','4007-05-29 00:00:00','4007-05-29'),(134,2,'Build Buffer Configurable Flash Video Player','<p>Build Buffer Configurable player:</p><p>1) Compatible with FlvPlayer_Progressive.</p><p>2) Having external buffering control. </p>','2007-06-08 14:22:00',1000012,0,5,100,0,0,0,11,1,'2007-06-08','4007-06-08 00:00:00','4007-06-08'),(135,42,'Building Site','<p>New Templlate and program upgrade with forms aqnd contact us.</p><p>New&nbsp; PDF manual.</p><p>Arrange training.&nbsp;</p><p>&nbsp;</p><p>Finish Templates, Get domain, Initial Site</p>  <p><font face=\"Arial\" size=\"2\"><span style=\"font-size: 10pt; font-family: Arial\">Johnny Vaughn at universal marketing (For Logo)<br /></span></font></p><p><font face=\"Arial\" size=\"2\"><span style=\"font-size: 10pt; font-family: Arial\">Please contact the director of our art department with any questions.  </span></font></p>  <p><font face=\"Arial\" size=\"2\"><span style=\"font-size: 10pt; font-family: Arial\"><a href=\"mailto:sbarnett@universalmarketing.com\" target=\"_blank\" onclick=\"return top.js.OpenExtLink(window,event,this)\">sbarnett@universalmarketing.com</a></span></font></p>  <p><font face=\"Arial\" size=\"2\"><span style=\"font-size: 10pt; font-family: Arial\">706-695-1379</span></font></p>  <p><font face=\"Arial\" size=\"2\"><span style=\"font-size: 10pt; font-family: Arial\"> </span></font></p>  <p><font face=\"Arial\" size=\"2\"><span style=\"font-size: 10pt; font-family: Arial\">Thanks</span></font></p>  <p><font face=\"Arial\" size=\"2\"><span style=\"font-size: 10pt; font-family: Arial\">Johnny Vaughn</span></font></p><p>&nbsp;</p>','2007-06-08 15:33:00',2,0,4,0,0,0,4,15.25,1,'2007-06-08','4007-06-08 00:00:00','4007-06-08'),(136,43,'Move Intranet with GFF Data','Move Intranet with GFF Data<br />','2007-06-08 15:36:00',1000,0,19,0,0,0,4,0,1,'2007-06-08','4007-06-08 00:00:00','4007-06-08'),(139,11,'Port site to new server','','2007-07-12 10:25:00',1000,0,19,0,0,0,0,0,1,'2007-07-12','4007-07-12 00:00:00','4007-07-12'),(138,10,'New Work','new Tasks<br />','2007-06-27 23:10:00',1002000,0,5,100,0,0,0,22.5,1,'2007-06-27','2007-07-03 00:00:00','4007-06-27'),(140,44,'Provide Supporting Document for moving commercial carpet sites','Provide Supporting Document for moving commercial carpet sites<br />','2007-09-16 16:35:00',1001000,0,5,100,0,0,0,2,1,'2007-09-16','4007-09-16 00:00:00','4007-09-16'),(141,45,'Support','Support','2008-01-10 22:49:00',1000005,0,5,100,0,0,0,2,1,'2008-01-10','4008-01-10 00:00:00','4008-01-10'),(142,46,'Site Changes and Business Application','   	 	 	 	 	<!-- 		@page { size: 8.5in 11in; margin: 0.79in } 		P { margin-bottom: 0.08in } 	--> 	    <p style=\"margin-bottom: 0in\">Project Notes from Meeting:</p><ul><li>Contact search by contact, not company X<br />Fix Company - Contact dialog and defaulting<br />Un-check notes by default X<br /></li></ul><p style=\"margin-bottom: 0in\">Tom needs:</p> <ul><li><p style=\"margin-bottom: 0in\">Contact Person, Code on CD, Coding 	Standards in case beer truck.(WORKING ON)<br /></p> 	</li><li><p style=\"margin-bottom: 0in\">Card Reader Import routine to read 	card *.csv.</p> 	</li><li><p style=\"margin-bottom: 0in\">Remove all constraints on notes. X<br /></p> 	</li><li><p style=\"margin-bottom: 0in\">Look Scott Burnett&#39;s account  	reports-&gt;New Operations report Can&#39;t see. FIXED</p> 	</li><li><p style=\"margin-bottom: 0in\">Replace oper Docs, sales Docs as 	per directories on Cosult dir. X<br /></p> 	</li><li><p style=\"margin-bottom: 0in\">Make sure (Don as example) to do 	comes up after sign on. X<br /></p> 	</li><li><p style=\"margin-bottom: 0in\">Notes: make for all if not is 	actionable from JO, leave TODO alone. X<br /></p> 	</li><li><p style=\"margin-bottom: 0in\">Act: Contact,  	</p> 	<ul><li><p style=\"margin-bottom: 0in\">schedule call (date/time/with/ 		duration/ regarding) resulting calendar will have items name, 		regarding,contact and phone) (Day , Week, Monthly )  Also have job 		schedule.</p> 	</li></ul> 	</li><li><p style=\"margin-bottom: 0in\">WEB</p> 	<ul><li><p style=\"margin-bottom: 0in\">Issues: Plain splash, (Some work)  		</p> 		</li><li><p style=\"margin-bottom: 0in\">Make auto heading same style as 		content heading.</p> 		</li><li><p style=\"margin-bottom: 0in\">Add Home llink</p> 		</li><li><p style=\"margin-bottom: 0in\">Tom to give me Test Results</p> 	</li></ul> </li></ul> <p>&nbsp;</p><p>Working On:</p><p>   	 	 	 	 	<!-- 		@page { margin: 2cm } 		P { margin-bottom: 0.21cm } 	--> 	  </p><p style=\"margin-bottom: 0cm\">XNET-  Create a report:</p> <p>&nbsp;</p><ul><li>Title- Operations Manager Job Details</li><li>List from Job Order</li><li>Job Location name (not corporate)</li><li>Job Location address</li><li>Location contact and phone #.</li><li>Square footage</li><li>Substrate</li><li>Job description as written on JO</li><li>Job notes  </li></ul><p>&nbsp;</p><ol><li>email reports from JO </li><li>cal <br /></li><li>based on work area</li><li>contact - call todo meeting </li><li>new excel</li></ol><p>&nbsp;</p><p style=\"margin-bottom: 0cm\">** somehow, we need to have these tie into a job schedule, using work order forms and times.  My plan is to have a job schedule print for a set of jobs.  Then, have these Job Details as back up.</p>  <p>&nbsp;</p>','2008-01-12 09:15:00',222,0,4,0,0,0,0,39.25,1,'2008-01-12','4008-01-12 00:00:00','4008-01-12'),(144,30,'2008 Development','<p>Cash Only Option</p><p>Reports</p><p>P.U.P. changes (more like point of sale system.)<br /> </p>','2008-02-22 07:44:00',1000,0,19,0,85,0,0,0,1,'2008-02-22','4008-02-22 00:00:00','4008-02-22'),(145,49,'Fix Jasons List','<div>LSPT Issues</div> <div>&nbsp;</div> <div>1.&nbsp; On the tv board the page seems to be refreshing with a clicking  every couple seconds and the bid icon is on all the time on the bottom of the  page.&nbsp; You cannot change to another board on the tv board admin. Looks like  you can only show the board that is live for a tv board.</div> <div>&nbsp;</div> <div>2.&nbsp; The board distributor is showing items from different  auctions.&nbsp; It should only show items for the user preference auction you  have selected.&nbsp;&nbsp;All auction items have been assigned to an auction  cycle.&nbsp;An item assigned to a demo auction is showing up in the spring  auction in the board distributor.&nbsp;</div> <div>&nbsp;</div> <div>3.&nbsp; Winning bidders with emails are not got getting a winning bid  email notice.</div> <div>&nbsp;</div> <div>4.&nbsp; When you login to the home page and go to &quot;my bids&quot; it&nbsp;sends  you back to login again.</div> <div>&nbsp;</div> <div>WOSU Issues</div> <div>&nbsp;</div> <div>1.&nbsp; Tv board gives an error when a bid is placed.&nbsp; </div> <div>&nbsp;</div> <div>2.&nbsp; The board distributor is showing items from different  auctions.&nbsp; It should only show items for the user preference auction you  have selected.&nbsp;&nbsp;All auction items have been assigned to an auction  cycle.&nbsp;An item assigned to a demo auction is showing up in the spring  auction in the board distributor.&nbsp;</div> <div>&nbsp;</div> <div>3.&nbsp; After a board is closed a winning bidder with an email did not  receive an email, did not go to results, and when they were auto confirm their  items did not show up under pick up and pay either.&nbsp; We did this test in  demo auction 4.</div>','2008-03-08 19:04:00',1000002,0,5,100,0,0,0,23.75,1,'2008-03-08','4008-03-08 00:00:00','4008-03-08'),(146,46,'Updates From Independent Review','<p>(WORK ORDER)<br /><br />As I previously said, I don&rsquo;t know what I&rsquo;m supposed to be editing, so I did not edit anything that looked as if it is not part of the original form. Also, I don&rsquo;t know if these forms will be seen by the customer.<br /><br /><br />LOGO<br />logo washes out on printout. It needs to be bigger, or perhaps one of the other logo forms.<br /><br />HEAD<br />needs to be a bigger font<br /><br />WORK PERFORMED BY<br />needs a colon after for continuity<br />change &ldquo;applicators&rdquo; to &ldquo;applicator&rsquo;s&rdquo;<br /><br />NEXT 3 ITEMS ON PAGE 1<br />remove space between subhead and numbered items<br />leave subhead all caps, but lowercase all but first letter of first word in rest of copy <br />remove periods<br /><br />AREA TO SEAL<br />item #1 / this makes no sense, seeming to end with &ldquo;with&rdquo;. I&rsquo;ll need to see it without info filled in. (MISSNG OPERATION SUPERVISOR ON JO!)<br /><br />PREPARATION<br />item #2 / change &ldquo;smells&rdquo; to &ldquo;odor&rdquo;<br />item #5 / hyphenate &ldquo;spot-clean&rdquo;<br />item #6 / change to &ldquo;wipe-down&rdquo;, change to &ldquo;microfiber&rdquo;<br /><br />SPECIFIC INSTRUCTIONS<br />I don&rsquo;t know if this is original form or inserted. If it&rsquo;s original, hyphenate &ldquo;high-pressure&rdquo;  (Fixed High-pressure in substrates, not sure what to do with High and Low pressure.)</p><p>SIGNATURE<br />I don&rsquo;t understand any of this, but none of it needs to be all-caps. Just guessing, I would say everything from &ldquo;Signature required&rdquo; down to &ldquo;Customer Sign Off&rdquo; can be deleted entirely. The last two items would then read:<br />    <br />The surface sealed with SilTanium by __________________ is acceptable to _____________________<br />                                                                   (whatever)                                                     (customer&rsquo;s corporate name)<br />and SilTanium Corporation is authorized to bill for services provided.<br /><br />(NOTE: where I put &ldquo;whatever,&rdquo; you need to put whatever this blank is for &ndash; applicator&rsquo;s name or date or whatever &ndash; surely not a phone number.)<br /><br />FAX<br />change to read &ldquo;Please fax this form to 770.387.2728&rdquo;</p>','2008-03-13 18:57:00',82,0,4,0,0,0,0,6,1,'2008-03-13','4008-03-13 00:00:00','4008-03-13'),(147,49,'Tax on non GC Items','<p>Add Sales Tax according to Domicile </p><p>WOSU <font face=\"Tahoma\" size=\"2\"><span style=\"font-size: 10pt; font-family: Tahoma\">tax for Ohio is 6.75%.</span></font></p><p>Not on GC or Food Items&nbsp;</p><p><font face=\"Tahoma\" size=\"2\"><span style=\"font-size: 10pt; font-family: Tahoma\">(We usually charge a shipping fee of 5.00/day/receipt. )<br /></span></font></p>','2008-04-14 20:53:00',1000002,0,5,100,0,0,0,4,1,'2008-04-14','4008-04-14 00:00:00','4008-04-14'),(148,49,'Shipping control on PUP','<font size=\"2\"><font face=\"Tahoma\">Add Shipping box to items on order. - Send to Ordered Item data.</font></font><font face=\"Tahoma\" size=\"2\"><span style=\"font-size: 10pt; font-family: Tahoma\"><br /></span></font>','2008-04-14 20:53:00',1000002,0,5,100,145,0,0,1,1,'2008-04-14','4008-04-14 00:00:00','4008-04-14'),(149,49,'Combo on PUP for payment breakout','<p><font size=\"2\"><font face=\"Tahoma\">Use Combo by same name as textbox for order transaction id.</font></font></p><p>Break out as seperate columns on reports.&nbsp;</p>','2008-04-14 20:53:00',1000002,0,5,100,145,0,0,5.25,1,'2008-04-14','4008-04-14 00:00:00','4008-04-14'),(150,46,'Calendar Application','<!-- 		@page { margin: 2cm } 		P { margin-bottom: 0.21cm } 	--> 	  <h2>DESIGN </h2><p style=\"margin-bottom: 0cm\"><strong><em>Also add Job Notes to Op Mgr Detail Report.&nbsp;</em></strong></p><p style=\"margin-bottom: 0cm\">On the calendar what want to see is  (Month, Week, Day views of): <br /> </p><ul><li>Phone Call schedule</li><li>Appointment Schedule</li><li>JO Schedule</li></ul> <br /> You want to see on the calendar<br /> <ul><li>Regarding (Appointment About &amp; Phone/Appointment)</li><li>With  (Contact)</li><li>Date/Time</li><li>Contact Phone Number</li></ul><p> <br /> Clicking on the scheduled item will take you to appointment detail OR to the JO if a JO scheduled item.</p><p><br /> The appointment detail will contain additional information (like the place of the appointment. Full contact &amp; company info.)</p><p>&nbsp;</p><p>Calendar PRINT function generates a PDF.</p><p>&nbsp;</p><p style=\"margin-bottom: 0cm\">&nbsp;</p><h4>LOOSE INFO BASED ON SNIPPETS </h4><p style=\"margin-bottom: 0cm\">XNET-  A Scheduling calendar &ndash; This will be generated by the Job Details and a section of:</p> <p style=\"margin-bottom: 0cm\">Employee scheduled off days</p> <p style=\"margin-bottom: 0cm\">job deadlines,</p> <p style=\"margin-bottom: 0cm\">Equipment maintenance, etc.</p><p style=\"margin-bottom: 0cm\">&nbsp;</p><p style=\"margin-bottom: 0cm\">&nbsp;</p><p>  Act: Contact, </p><p>schedule call (date/time/with/ duration/ regarding) resulting calendar will have items name, regarding,contact and phone) (Day , Week, Monthly ) </p><p>Also have job schedule.</p><p> Type of Calendar Item Appointment,  Phone Call, ?</p><p>Ability to add other info</p><p>Ability to add to </p><p>Day Week and Month view.</p><p>&nbsp;</p><p>&nbsp;</p><ul><li><p style=\"margin-bottom: 0in; widows: 0; orphans: 0\"><font face=\"TimesNewRomanMS, Times, serif\">Add 	a data base that prints calendars with name &amp; phone # in a font 	of 10 or larger</font></p> </li></ul>  <ul><li><p style=\"margin-bottom: 0in\">Act: Contact,  	</p> 	<ul><li><p style=\"margin-bottom: 0in\">schedule call (date/time/with/ 		duration/ regarding) resulting calendar will have items name, 		regarding,contact and phone) (Day , Week, Monthly )  Also have job 		schedule.</p> 	</li></ul> </li></ul> <p> <img src=\"http://devlinux/projects/images/Classes.png\" alt=\"\" /></p>','2008-05-22 20:03:00',222,0,4,0,0,0,32,12.5,1,'2008-05-22','4008-05-22 00:00:00','4008-05-22'),(151,47,'Mail Changes, Inspection Comment Images on reports','','2008-08-27 20:14:00',1,0,4,10,0,0,0,0.75,1,'2008-08-27','4008-09-10 00:00:00','4008-08-27');
UNLOCK TABLES;
/*!40000 ALTER TABLE `Task` ENABLE KEYS */;

--
-- Table structure for table `Task_Assignment`
--

DROP TABLE IF EXISTS `Task_Assignment`;
CREATE TABLE `Task_Assignment` (
  `Id` bigint(20) NOT NULL auto_increment,
  `User` bigint(20) default NULL,
  `Task` bigint(20) default NULL,
  PRIMARY KEY  (`Id`)
) ENGINE=MyISAM DEFAULT CHARSET=latin1;

--
-- Dumping data for table `Task_Assignment`
--


/*!40000 ALTER TABLE `Task_Assignment` DISABLE KEYS */;
LOCK TABLES `Task_Assignment` WRITE;
INSERT INTO `Task_Assignment` VALUES (8,1,95),(23,1,125),(29,1,117),(13,1,118),(20,1,119),(19,1,120),(16,1,121),(18,1,123),(27,1,126),(28,2,65),(30,1,129),(31,1,133),(35,1,134),(38,1,136),(76,1,135),(43,2,138),(44,1,86),(45,2,97),(47,1,112),(48,1,140),(49,1,0),(68,1,90),(61,1,141),(80,1,142),(72,1,144),(74,1,145);
UNLOCK TABLES;
/*!40000 ALTER TABLE `Task_Assignment` ENABLE KEYS */;

--
-- Table structure for table `Time`
--

DROP TABLE IF EXISTS `Time`;
CREATE TABLE `Time` (
  `Id` bigint(20) NOT NULL auto_increment,
  `Task` bigint(20) default NULL,
  `Start` datetime default NULL,
  `Stop` datetime default NULL,
  `Description` text,
  `Hours` double default NULL,
  `Status` bigint(20) default NULL,
  `Invoice` bigint(20) default NULL,
  `Performed_By` bigint(20) default NULL,
  PRIMARY KEY  (`Id`)
) ENGINE=MyISAM DEFAULT CHARSET=latin1;

--
-- Dumping data for table `Time`
--


/*!40000 ALTER TABLE `Time` DISABLE KEYS */;
LOCK TABLES `Time` WRITE;
INSERT INTO `Time` VALUES (1,1,'2006-04-10 12:05:00','2006-04-10 18:05:00','Complete UML Diagram',6,10,6,NULL),(5,2,'2006-04-12 17:00:00','2006-04-12 17:30:00','Design UI Panels and set Business Logic',0.5,10,6,NULL),(6,3,'2006-04-18 11:37:53','2006-04-18 12:04:36','Add Behavior Factors',0.445278,10,NULL,NULL),(7,3,'2006-04-18 12:05:26','2006-04-18 12:44:45','Add Equipment and Materials',0.655278,10,NULL,NULL),(8,3,'2006-04-18 14:12:10','2006-04-18 14:58:39','Root Cause ',0.774722,10,NULL,NULL),(9,3,'2006-04-18 16:10:56','2006-04-18 18:56:36','Incorporate WorkFlow',2.76111,10,NULL,NULL),(10,4,'2006-04-19 12:59:07','2006-04-19 15:16:39','Add Page upload docs, Talk to Vicki',1.25,18,NULL,NULL),(11,3,'2006-04-20 08:00:38','2006-04-20 12:31:56','New mySite Console - Template',4.52167,10,NULL,NULL),(12,3,'2006-04-20 16:00:38','2006-04-20 20:00:00','New mySite Console - Code',3.98944,10,NULL,NULL),(13,3,'2006-04-21 14:34:40','2006-04-21 14:39:25','Building People Involved',0.0791667,10,NULL,NULL),(14,7,'2006-05-02 11:30:00','2006-05-02 12:00:00','Add new documents to sales folder',0.5,10,NULL,NULL),(15,7,'2006-05-02 13:00:00','2006-05-02 15:30:00','New Universal WORD Sales Doc.',2.5,10,NULL,NULL),(16,8,'2006-04-22 08:43:00','2006-04-22 15:43:00','Create Template',7,10,NULL,NULL),(17,8,'2006-05-02 14:45:09','2006-05-02 15:45:29','Modify Templates',1,10,NULL,NULL),(18,15,'2006-05-05 15:00:44','2006-05-05 20:30:00','Changed to Sign On and registration, add location, division select.  Had to modify registrar to do and change Login Validation to accomodate new registered and terminated condition for limiting access ',5.5,9,0,NULL),(19,10,'2006-05-05 16:07:17','2006-05-05 19:07:42','',3,8,0,NULL),(20,8,'2006-05-04 18:00:00','2006-05-04 20:00:00','Get Domain and Initial site working',2,10,0,NULL),(21,9,'2006-05-01 08:10:00','2006-05-01 14:10:00','Design',6,10,0,NULL),(22,9,'2006-05-07 15:11:00','2006-05-07 16:11:00','Create Database',1,10,0,NULL),(23,9,'2006-05-07 17:55:00','2006-05-07 18:55:00','Create Business Objects and Interfaces',1,10,0,NULL),(24,11,'2006-05-09 08:30:40','2006-05-09 09:15:00','Help Nancy Add Content to Site',0.75,10,30,NULL),(25,9,'2006-05-08 16:00:00','2006-05-08 19:00:00','Building Intranet',3,10,0,NULL),(244,71,'2006-12-06 08:00:00','2006-12-06 09:00:48','Install Changes',1,18,-1,0),(28,9,'2006-05-12 12:30:00','2006-05-12 22:30:00','Custom Order from Inventory',10,10,0,NULL),(29,12,'2006-05-13 09:41:04','2006-05-13 10:41:14','Setup May Ad Special',1.00278,18,0,NULL),(30,6,'2006-05-27 08:01:09','2006-05-27 16:01:09','Add new pictures Categorized by Folder Name,\r\nCreated new template',8,10,0,NULL),(31,2,'2006-05-14 20:30:00','2006-05-14 20:45:00','Status on top',0.25,10,6,NULL),(32,2,'2006-05-14 20:45:00','2006-05-14 21:45:00','Project List First, \r\nFilter by:\r\nDate (from, to)\r\nProject name',1,10,6,NULL),(33,2,'2006-05-16 12:37:05','2006-05-16 12:37:05','Add Salesman Role, Add Salesman to Developer and Project',0,10,6,NULL),(34,2,'2006-05-14 20:45:00','2006-05-14 21:00:00','Remove Status, Stage from Project UI\r\nAuto track with last inspection\r\n(Completed check box?)\r\n',0.25,10,6,NULL),(35,2,'2006-05-14 21:00:00','2006-05-14 21:15:00','Inspection List First,\r\nHave \"Add New Inspection\" linke to show form.',0.25,10,6,NULL),(36,2,'2006-05-14 21:15:00','2006-05-14 22:00:00','Fix Styles for IE',0.75,10,6,NULL),(37,2,'2006-05-14 22:00:00','2006-05-14 22:30:00','Kill Status on report and everywhere else\r\n(redundant with stage)',0.5,10,6,NULL),(38,2,'2006-05-14 18:32:48','2006-05-14 19:33:00','Implement Spellcheck',1.01667,10,6,NULL),(40,13,'2006-05-14 21:00:00','2006-05-14 22:00:00','MOVE HOME TO SERVICES\r\nINTRO PICURES ATLANTA ON MAIN INSTEAD\r\nHISTORY: REMOVE JOHN\r\nADD CONTACT US\r\n\r\n',1,10,6,NULL),(41,14,'2006-05-16 08:00:00','2006-05-16 12:30:00','Custom Build Index Page to look like powerpoint last slide.',4.5,10,5,NULL),(42,7,'2006-05-16 16:00:00','2006-05-16 18:00:00','Notes TODO Management',2,10,0,NULL),(43,7,'2006-05-15 18:00:00','2006-05-15 18:30:00','Add Work Description to Substrate',0.5,10,0,NULL),(44,7,'2006-05-16 16:09:17','2006-05-16 17:09:17','Add new records to Substrate',1,10,0,NULL),(45,7,'2006-05-16 15:09:00','2006-05-16 16:09:00','Fix job Order Database for new Amount Calc and Quote Sheet.',1,10,0,NULL),(46,7,'2006-05-16 17:00:00','2006-05-16 17:30:00','New Quote Sheet Report, Fixup Report DB for new reporting engine.',0.5,10,0,NULL),(48,2,'2006-05-18 12:29:54','2006-05-18 19:30:24','Interface and Report Refinement',6.00833,10,6,NULL),(49,9,'2006-05-20 08:00:00','2006-05-20 13:00:00','Reports - Shipping Document',5,10,0,NULL),(50,15,'2006-05-23 08:00:00','2006-05-23 12:30:00','Report and workflow changes, new reports, multiple location per employee, employee involved on flash.',4.5,9,0,NULL),(51,15,'2006-05-22 15:00:33','2006-05-22 17:00:57','New safety reports',2,9,0,NULL),(52,15,'2006-05-23 14:00:37','2006-05-23 18:00:00','Report and workflow changes, new reports, multiple location per employee, employee involved on flash.',4,9,0,NULL),(53,15,'2006-05-24 08:00:00','2006-05-24 14:00:00','Finish Multi Location, Mandatory fields on Flash, including Employee Involved, Ne Steve Brenske reports for Location, Division, Program Catagory, Product handled 1,2 week, 1, 2 month combos, workflow sequencing, Backend business logic.',6,9,0,NULL),(54,9,'2006-05-26 08:00:00','2006-05-26 17:00:00','Reports - Bill of Lading',9,10,0,NULL),(61,13,'2006-03-30 10:10:00','2006-03-30 18:10:00','Template Design and Initial Content',8,10,6,NULL),(57,0,'2006-05-29 19:03:00','2006-05-29 19:15:42','',0.2,8,0,NULL),(62,19,'2006-05-30 15:40:00','2006-05-30 16:41:48','Make Deficiency Project and First Notation dates track calling inspection.',1.01667,10,6,NULL),(63,20,'2006-05-31 08:00:00','2006-05-31 09:30:00','Add Project and task forms',1.5,18,0,NULL),(64,17,'2006-05-31 10:59:00','2006-05-31 11:40:06','Fix List New items on I/A to be left justified, bolder and indicate type of new item.',0.683333,9,0,NULL),(65,17,'2006-05-31 18:43:00','2006-05-31 18:44:16','Data Audit System',1,9,0,NULL),(66,17,'2006-05-31 21:14:00','2006-05-31 22:34:00','Data Audit System',1.33333,9,0,NULL),(67,17,'2006-06-01 16:16:00','2006-06-01 16:34:51','Add Requestor and Requested Date to task',0.3,9,0,NULL),(68,21,'2006-06-04 22:55:00','2006-06-04 22:56:37','Latest changes from new emails after invoice\r\nStone Fusion, Brick, Concrete and Anti Graffiti pages.',1,10,27,NULL),(69,22,'2006-06-06 18:27:00','2006-06-06 20:27:00','Simplify Order Entry.\r\nAdd Ability to add Consignee, Shipper, Thrd Party\r\n',2,10,0,NULL),(70,22,'2006-06-07 08:00:00','2006-06-07 15:07:05','email notification, lock down orders, inventory and stock types for client viewing.',4,10,0,NULL),(71,19,'2006-06-07 16:19:00','2006-06-07 16:19:46','Remove Developer Edit Service from Inspector Role',0,10,6,NULL),(72,19,'2006-06-07 16:11:00','2006-06-07 17:49:08','Create Role Sensitive Content\r\n(for developer and inspector instructions)',1.63333,10,6,NULL),(73,19,'2006-06-08 12:15:11','2006-06-08 13:04:53','User Interface Simplifying tweeks\r\nFix Style sheets for service index.',0.816667,10,6,NULL),(74,23,'2006-06-08 08:01:00','2006-06-08 12:01:21','Initial Templates (3)\r\nNot yet marked up for metasite',4,18,4,NULL),(75,19,'2006-06-08 13:58:08','2006-06-08 18:35:00','User Interface Simplifying tweeks.\r\nBetter navigation, clearer separation between list and form.  Wider Inspection form.  View report links.  Inspection lists sort by date Descending, button style new link with name of created object.\r\n',4.61667,10,6,NULL),(76,17,'2006-06-09 12:15:00','2006-06-09 13:04:39','Add Limited Project Management Role (for clients) not allowed to see or adjust task percent complete.',0.816667,9,0,NULL),(77,17,'2006-06-09 13:05:00','2006-06-09 14:00:00','Fix I/A - BOLDER HEADER with \r\n\'INCIDENT INVESTIGATION REPORT; larger and bold\r\n\r\nTo Medical section PDF\r\nPDF Generation of I/A\r\nFrom top to medical, Title: FIRST REPORT OF INJURY\r\n',0.916667,9,0,NULL),(78,17,'2006-06-10 09:00:00','2006-06-10 14:00:00','To Medical section PDF\r\nPDF Generation of I/A\r\nFrom top to medical, Title: FIRST REPORT OF INJURY\r\n\r\nFix I/A Time Entry.\r\n',5,9,0,NULL),(79,17,'2006-06-13 15:48:00','2006-06-13 15:48:58','OSHA FORMS',1,9,0,NULL),(80,16,'2006-06-13 15:49:00','2006-06-13 23:29:49','Gen code / schema from UML model',2,9,0,NULL),(81,16,'2006-06-14 13:42:16','2006-06-14 15:35:40','Gen code / schema from UML model',1.88333,9,0,NULL),(82,16,'2006-06-14 16:15:58','2006-06-14 19:18:50','Gen code / schema from UML model',3,9,0,NULL),(83,25,'2006-06-15 16:31:00','2006-06-15 18:56:48','Sort Physicians, Duplicate prevention',2.41667,10,2,NULL),(84,16,'2006-06-16 08:42:00','2006-06-16 10:39:41','Create Supporting forms ',1.95,9,0,NULL),(85,16,'2006-06-16 13:35:00','2006-06-16 16:15:00','Re-configure as stand alone site, using safety people locations etc.  Add security',2.66667,9,0,NULL),(86,17,'2006-06-16 17:07:00','2006-06-16 20:08:38','Fixes for Flash Report Person Involved',3.01667,9,0,NULL),(87,16,'2006-06-19 10:05:00','2006-06-19 13:12:04','Work on Templates Styles',3.11667,9,0,NULL),(88,16,'2006-06-19 15:12:00','2006-06-19 19:12:00','Contractor Documents',4,9,0,NULL),(89,16,'2006-06-20 08:30:00','2006-06-20 11:18:03','Contractor Documents, Style and Navigation aids',2.8,9,0,NULL),(90,16,'2006-06-20 11:18:00','2006-06-20 12:43:23','Contractor Evauluation',1.41667,9,0,NULL),(91,16,'2006-06-20 15:00:00','2006-06-20 19:50:00','Contractor Evauluation',4.83333,9,0,NULL),(92,19,'2006-06-22 11:23:00','2006-06-22 17:24:17','Fixed Dificiency Listing on Inspections, Dificiencies and reports.',6.01667,10,6,NULL),(93,26,'2006-06-27 14:31:00','2006-06-27 14:51:08','Fix to medical section PDF',0.333333,9,0,NULL),(94,26,'2006-06-27 15:13:00','2006-06-27 16:15:00','Several small tasks on the safety list at mohawk.\r\nGet I/A Title right, Get Department and Exact Location working.  Add Photo update on I/A.\r\n',1.03333,9,0,NULL),(95,26,'2006-06-28 11:00:00','2006-06-28 17:00:00','Add Exact Location, and Departments to I/A Report,\r\nAdd Shift Table',6,9,0,NULL),(96,26,'2006-06-29 08:10:00','2006-06-29 16:34:00','Add Exact Location, and Departments to I/A Report,\r\nAdd Shift Table.\r\nAllow Photo management from I/A form.',8.4,9,0,NULL),(97,19,'2006-06-30 14:45:05','2006-06-30 14:45:05','Make Textbox Fonts Larger ',0,10,6,NULL),(99,19,'2006-06-30 13:01:00','2006-06-30 13:02:20','Make Inpector search box for Inspection and Projects.',0.0166667,10,6,NULL),(100,28,'2006-07-05 12:22:00','2006-07-05 17:23:00','Multi Document Interface Micorsoft C   .Net',5.01667,10,12,NULL),(101,28,'2006-07-07 12:00:00','2006-07-07 18:24:00','initial sqlite db interfaces',6.4,10,12,NULL),(102,0,'2006-07-08 12:25:00','2006-07-08 12:25:37','sqlite interfaces',0,8,0,NULL),(103,28,'2006-07-08 12:25:00','2006-07-08 15:47:02','sqlite interfaces',5,10,12,NULL),(104,29,'2006-07-11 12:30:00','2006-07-11 13:45:00','Put Movies on Site - Initial Trial Encoding',1.25,10,3,NULL),(105,29,'2006-08-22 13:52:42','2006-08-22 13:52:36','PDF Download forms',1,10,10,NULL),(107,29,'2006-07-18 19:44:20','2006-07-18 19:44:20','Larger Clinic Picture',0.5,10,3,NULL),(108,29,'2006-07-17 14:42:00','2006-07-17 18:42:00','Page with service to local schools w links to local schools,\r\nPage with professionl links',4,10,3,NULL),(98,19,'2006-06-30 10:56:00','2006-06-30 13:00:58','Order deficiency by Inspection, Id\r\n',2.06667,10,6,NULL),(109,29,'2006-07-10 15:50:00','2006-07-10 15:50:14','Train Lee on Metasite',0,10,10,NULL),(145,40,'2006-08-18 13:56:00','2006-08-18 13:56:00','Complete Initial Version',6.2,10,8,0),(111,29,'2006-07-11 12:54:16','2006-07-11 12:54:16','Put Movies on Site - Create FLASH playlist control',2,10,10,NULL),(112,28,'2006-07-11 09:00:00','2006-07-11 12:00:00','Build Form Interfaces',3,10,12,NULL),(113,28,'2006-07-11 13:11:10','2006-07-11 15:11:00','Build Form Interfaces',2,10,12,NULL),(114,28,'2006-07-12 08:00:00','2006-07-12 16:00:00','Synch Get',8,10,12,NULL),(115,28,'2006-07-13 08:00:00','2006-07-13 16:00:00','Synch Get',8,10,12,NULL),(116,28,'2006-07-14 10:34:00','2006-07-14 15:34:31','Synch Get ',5,10,12,NULL),(117,21,'2006-07-15 13:35:00','2006-07-15 15:10:11','New Images for Graffiti, Starbucks tile and grout, \r\nStatesville park',1.5,10,27,NULL),(118,29,'2006-07-16 15:00:00','2006-07-16 16:49:35','Put Movies on Site - Final Encoding',1.81667,10,3,NULL),(119,29,'2006-08-22 13:53:10','2006-08-22 13:53:10','Appointment Email Request Form',1,10,10,NULL),(120,30,'2006-07-18 10:00:00','2006-07-18 18:00:00','Multiple Items from Vincent Gross\' list',8,10,1,NULL),(121,31,'2006-07-16 10:00:00','2006-07-16 11:00:00','Meeting, upload images',1,10,7,NULL),(122,31,'2006-07-18 19:18:00','2006-07-18 19:19:44','Ship Order Form \r\nAdd show shipped and open orders checks as list criteria, default off. ',0,8,0,NULL),(123,31,'2006-07-26 19:00:00','2006-07-26 19:35:58','Ship Order Form \r\nAdd Inventory adjustment to offset vailable count,\r\nAdd freeform \'reason\' textarea.\r\n',0.5,10,7,NULL),(124,31,'2006-07-25 20:01:38','2006-07-25 21:57:51','Site\r\nVirtual warehouse page based on images,\r\nSlide automatic presentation',2,10,7,NULL),(125,31,'2006-07-27 17:10:23','2006-07-27 17:13:26','Add Phone and Address to footer',0.25,10,7,NULL),(126,31,'2006-07-27 13:15:00','2006-07-27 16:15:00','Add Contact Us Page.',3,10,7,NULL),(127,32,'2006-07-15 10:00:00','2006-07-15 15:00:00','Mods to Inspection Report',5,10,6,NULL),(128,32,'2006-07-18 19:36:00','2006-07-18 19:38:34','Add Project Status to Inspection',0.0333333,10,6,NULL),(129,30,'2006-07-20 08:00:00','2006-07-20 16:00:00','Pareto Chart Reports',8,10,1,NULL),(130,30,'2006-07-19 14:00:00','2006-07-19 16:00:00','Meeting with Chris and Charles',2,10,1,NULL),(131,33,'2006-07-24 15:30:00','2006-07-24 18:30:00','Pull all data down to test, reproduce kleentext order problem in test environment.  Findings, data entry problem setting up products, no design numbers.\r\nFixed by adding design numbers.',3,10,80,NULL),(132,33,'2006-07-25 09:30:00','2006-07-25 10:03:29','Fix Sizes on Commercial Design products.\r\n3x2',0.55,10,80,NULL),(133,31,'2006-07-27 10:02:58','2006-07-27 11:14:57','Ship Order Form \r\nAdd Inventory adjustment to offset vailable count,\r\nAdd freeform \'reason\' textarea.\r\n',1.2,10,7,NULL),(134,29,'2006-07-29 10:00:00','2006-07-29 16:00:00','Put Movies on Site - ESPN Page',6,10,3,0),(313,106,'2007-02-09 09:00:00','2007-02-09 15:30:00','Generate HUD Summary Report Template',6.5,10,43,0),(136,34,'2006-08-01 10:19:00','2006-08-01 10:40:22','Contractor Sign In',0.35,10,11,0),(137,34,'2006-08-02 12:00:00','2006-08-02 13:10:32','More filtering options, contractor list view.',1.16667,10,11,0),(138,39,'2006-08-07 20:00:00','2006-08-07 20:45:00','Downlaod Convert and add MSDS to operations and sales pages',0.75,10,27,0),(139,34,'2006-08-05 12:00:00','2006-08-05 20:00:00','Complete Sign In, Anonymous Access, \r\nSelf Registration for Contractors',8,10,11,0),(140,40,'2006-08-09 10:20:00','2006-08-09 10:20:00','Create Template, code schema, build interfaces',10,10,8,0),(141,40,'2006-08-10 10:00:00','2006-08-10 12:34:40','Build media.meta interfaces',2.56667,10,8,0),(142,40,'2006-08-10 16:00:00','2006-08-10 17:14:46','Build media.meta edit interfaces',1.23333,10,8,0),(143,41,'2006-08-15 10:45:00','2006-08-15 14:45:00','Bottom justify footing.  Make font size smaller, external border, increase model space resolution.',4,10,12,0),(144,28,'2006-08-15 14:46:00','2006-08-15 14:47:47','Changes to object design, because web application model changed.',0.5,10,12,0),(146,0,'2006-08-22 09:16:00','2006-08-22 09:17:00','Synch Upload',8,8,-1,0),(147,28,'2006-08-21 09:19:00','2006-08-21 09:19:00','Synch Put',8,10,12,0),(148,44,'2006-08-25 09:46:00','2006-08-25 11:47:32','Initial design, changes to media page to accomodate.',2.01667,10,14,0),(149,45,'2006-08-28 13:42:00','2006-08-28 14:42:00','Folder Title default for folder id=0, based on global content.',1,10,14,0),(713,148,'2008-04-20 13:21:00','2008-04-20 14:29:28','Testing, upload code',1,10,110,0),(151,45,'2006-08-29 09:30:00','2006-08-29 10:30:00','Meet with Shawn and Kris, train on metasite mohawk.',1,10,14,0),(152,49,'2006-08-30 14:15:00','2006-08-30 15:11:00','Contact Form',1,18,13,0),(153,48,'2006-08-30 19:16:00','2006-08-30 19:17:10','Create Template',1,10,16,0),(154,48,'2006-08-30 19:17:00','2006-08-30 19:17:37','Set up backup development site',2,10,16,0),(155,50,'2006-08-30 19:20:00','2006-08-30 20:04:14','Appointment request changes',0.75,10,22,0),(156,50,'2006-08-30 20:00:00','2006-08-30 21:45:00','Build Workers Comp Form',1.75,10,22,0),(157,51,'2006-08-31 12:00:00','2006-08-31 13:44:23','Build Schema / Objects / Initial Admin UI',1.73333,10,16,0),(158,45,'2006-09-06 10:15:00','2006-09-06 12:15:00','UI fixes for IE.\r\nquirks mode fix by adding doc type.  removed sizing from template and put in style sheet.\r\ntweeked dimensions.\r\n(div size, IE 6 has no png image transparency support)',2,10,14,0),(159,44,'2006-09-05 08:18:00','2006-09-07 08:19:30','Tree view',4,10,14,0),(160,44,'2006-09-07 07:19:00','2006-09-07 16:30:01','Code Generation',9.18333,10,14,0),(161,26,'2006-09-07 18:42:00','2006-09-07 21:42:00','Move Supervisors to People Involved, \r\nGive Employee Involved dialog \'Add Supervisor\' Capability.',3,10,16,0),(162,26,'2006-09-08 08:29:00','2006-09-08 12:31:02','Fix Radio Buttons on I/A \r\nAdd first part of form authentication to I/A\r\nFix duplicate items in services menu.\r\nFixes for service menu url construction.\r\n\r\n',4,10,16,0),(163,26,'2006-09-08 13:18:21','2006-09-08 15:30:00','Add validation to I/A\r\n\r\n',2.2,10,16,0),(164,44,'2006-09-12 09:07:00','2006-09-12 12:07:59','Test Program',3,10,14,0),(165,34,'2006-09-14 10:00:00','2006-09-14 11:05:50','Changes after 9/13/06 meeting\r\n1.Better explanatory text,\r\n2.Quick route to Search\r\n3.Add Forms Document',1,10,17,0),(166,21,'2006-09-14 16:00:00','2006-09-14 18:00:00','More new images',1,10,27,0),(167,34,'2006-09-15 08:30:00','2006-09-15 12:00:00','Changes after 9/13/06 meeting\r\n1.Better explanatory text,\r\n2.Quick route to Search\r\n3.Add Forms Document',3.5,10,17,0),(168,28,'2006-09-01 12:04:00','2006-09-15 12:04:52','Refinement / Fixes ',10,10,12,0),(169,53,'2006-09-15 15:21:00','2006-09-15 16:21:52','Add Please Choose to Combos, Validate on Form that choices were made.',1,10,19,0),(170,54,'2006-09-15 16:45:00','2006-09-15 18:45:45','Minor Fixes, Center video putsignon dialog on media window. \r\nAdd List order to Folder Edit. \r\nFix training query.',2,10,23,0),(171,53,'2006-09-16 09:16:00','2006-09-16 11:16:00','Add Please Choose to Combos, Validate on Form that choices were made.',2,10,19,0),(172,52,'2006-09-10 11:22:00','2006-09-10 11:22:00','Trust Commerce Order',1,10,24,0),(173,52,'2006-09-14 11:22:00','2006-09-16 11:23:30','Merchant Account Integration',1,10,24,0),(174,56,'2006-09-12 11:30:00','2006-09-12 14:30:00','Debugging, repairing issues with site stoppage caused by bad data.',3,10,18,0),(175,28,'2006-09-18 08:30:00','2006-09-18 10:17:00','QA: Friendly messages to handle internet not available.\r\n',1.78333,10,12,0),(176,57,'2006-09-18 10:18:00','2006-09-18 12:19:50','Report fixes for inspection / deficiency with inspection date changes. (away from id)',2.01667,10,12,0),(177,5,'2006-09-18 12:21:00','2006-09-18 19:28:51','Pereto multi-configurable report',7,10,19,0),(178,58,'2006-09-20 11:24:00','2006-09-20 11:25:00','pereto version 1,\r\nChoose\"Division\", \"Location\",\"Person_Involved\",\"Shift\",\"Incident_Type\",\r\n\"OSHA_Status\", \"Department\",\"Activity_At_Time_Of_Accident\",\r\n\"High_Risk_Task\", \"Injury_Source\",\"Injury_Type\",\r\n\"Body_Part\",\"Operating_Conditions\", \"Incident_Environment\",\r\n\"Incident_PPE_Factors\"',4,10,19,0),(179,58,'2006-09-21 11:26:00','2006-09-21 11:27:00','Pereto beta 2\r\nChoose\r\n\"Division\", \"Location\",\"Department\",\"Shift\"',2,10,19,0),(180,26,'2006-09-26 09:00:00','2006-09-26 13:00:00','Blank I/A Form',4,10,19,0),(181,59,'2006-09-28 17:51:00','2006-09-28 18:51:00','Place Exit Realty Page up.',1,10,24,0),(182,55,'2006-09-25 07:53:00','2006-09-25 08:53:00','Move all orders to KleenTex',1,10,24,0),(183,51,'2006-10-02 10:00:00','2006-10-02 14:00:00','Updates to media center',4,10,19,0),(184,26,'2006-10-02 14:55:00','2006-10-02 18:55:00','Secure training, programs, monthly info, video page\r\nand contact us.<br>\r\n(Now secure intranet pages.)',4,10,23,0),(185,60,'2006-10-03 10:22:00','2006-10-03 11:22:00','Finalizing link to NOVA merchant account link to Trust Commerce (via clix?)',1,10,24,0),(186,51,'2006-10-03 12:24:00','2006-10-03 15:25:14','New Media Page, tree view, expanded control section',4,10,23,0),(187,51,'2006-10-04 08:00:00','2006-10-04 16:00:00','Media Page Template',8,10,23,0),(188,51,'2006-10-05 07:30:00','2006-10-05 12:30:00','Training Media page code changes for new template directives.',5,10,23,0),(189,51,'2006-10-06 09:00:00','2006-10-06 14:30:00','Training Administration refinements',5.5,10,23,0),(190,61,'2006-10-11 15:57:00','2006-10-11 17:02:00','View only to supervisors that are not initial filers.\r\nNew requirement - Kris 10/11/06',1,10,26,0),(191,51,'2006-10-11 18:35:00','2006-10-11 19:36:39','Tree Control - make to work like hierarchical menu',1,10,26,0),(192,51,'2006-10-11 19:37:00','2006-10-11 19:38:27','Employee sign on and self registration',0.5,10,26,0),(193,51,'2006-10-11 19:37:00','2006-10-11 19:39:01','Employee Test Panel',0.5,10,26,0),(194,51,'2006-10-11 19:37:00','2006-10-11 19:39:40','Employee Admin Panel',0.5,10,26,0),(195,51,'2006-10-13 13:00:00','2006-10-13 15:00:00','Tree Control,\r\nCollapse code',2,10,26,0),(196,51,'2006-10-14 13:00:00','2006-10-14 14:45:00','Test Admin Interface - tweeks for ease of use',1.75,10,26,0),(197,51,'2006-10-16 10:00:00','2006-10-16 12:00:00','Login multi-mode sign in\r\nDifferentiate between employees and system users',2,10,26,0),(198,51,'2006-10-16 13:00:00','2006-10-16 14:30:00','Emplyees Admin Panel',1.5,10,26,0),(199,51,'2006-10-16 15:00:00','2006-10-16 18:00:00','Position Admin Panel and import',3,10,26,0),(200,51,'2006-10-17 08:00:00','2006-10-17 10:00:00','Enrollment by position with renewal period.',2,10,26,0),(201,51,'2006-10-18 08:00:00','2006-10-18 12:00:00','Test Results Panel and test cleanup',4,10,26,0),(202,51,'2006-10-19 10:12:00','2006-10-19 12:12:00','LMS Documentation and testing',2,10,26,0),(203,5,'2006-10-27 09:00:00','2006-10-27 11:00:00','Report Consolidation',2,10,26,0),(204,62,'2006-10-23 07:30:00','2006-10-23 08:15:00','First Trial Code for review, previous filter as default, no NULL install dates.',0.75,10,32,0),(205,62,'2006-10-24 08:00:00','2006-10-24 08:30:00','Final version, hidden null detect column to sort \'not scheduled\' last, then descending order on install, back to \'all filter as default.',0.5,10,32,0),(206,68,'2006-10-24 10:52:00','2006-10-24 12:53:00','Finish Exit Landing Page.\r\n',2,10,31,0),(208,61,'2006-10-24 15:00:00','2006-10-24 17:30:00','Blank Form - Save as excel, add menu to pop up',2.5,10,26,0),(209,26,'2006-10-25 09:00:00','2006-10-25 10:00:00','Finish new splash page with sign-on, registration, and new menu options.  Upload and test.',1,10,26,0),(210,54,'2006-10-25 12:00:00','2006-10-25 13:00:00','Admin: Auto re-indexing Media and folders from lists using AJAX call to XML services.\r\n',1,10,26,0),(211,70,'2006-10-30 08:36:00','2006-10-30 10:36:00','1. Set fake accounts jane and john doe with supervisor roles.\r\n2. Fix Service, Role, Flash, (all) Report and Workflow pages, Tasks and Emergency Contacts.\r\n3. Fix Banner on template.\r\n4. Change ownership group to \'apache\' on wtci video directory.\r\n',2,8,-1,0),(212,71,'2006-10-31 08:15:00','2006-10-31 08:48:46','Set up local site for development',0.5,10,30,0),(213,68,'2006-11-01 13:31:00','2006-11-01 17:31:00','Add new Scrape King Products,\r\nAdd new catalog entries for kleentex.\r\nAdd Approved vendor.\r\nImage processing for pages.',4,10,31,0),(214,63,'2006-11-01 07:34:00','2006-11-01 09:35:00','Add Status to Inspection and deficiency for spell checking.\r\nChanges to xml service for uploads to change status to \'needs spellcheck\'\r\nChanges to Online forms to set \'spellchecked\'.',2,10,28,0),(215,26,'2006-11-02 07:25:00','2006-11-02 07:46:45','Sign On, Registration\r\nForm Text Changes',5,10,29,0),(216,58,'2006-11-02 13:00:00','2006-11-02 13:47:42','Add materials handled ',0.75,10,29,0),(217,5,'2006-11-02 14:00:00','2006-11-02 17:30:00','Incident Report Unification',3.5,10,29,0),(312,106,'2007-02-08 09:00:00','2007-02-08 12:00:00','Work portion of Kickoff Meeting',3,10,43,0),(219,68,'2006-11-13 10:00:00','2006-11-13 10:30:00','Add Exit fixed text style - THINK RESIDUALS',0.5,10,31,0),(220,68,'2006-11-13 14:00:00','2006-11-13 14:30:00','Perspective view of Mats on EXIT pages.',0.5,10,31,0),(222,63,'2006-11-15 07:30:00','2006-11-15 10:30:00','Test, Finish, Upload changes to spell checking, TO DO list. (Also has updates to make attach deficiencies more reliable)',3,10,28,0),(223,26,'2006-11-15 14:18:00','2006-11-15 15:46:47','Support on Armando Diaz,\r\nChange Workflow TODO\'s to have Report and incident dates\r\nAdd proxy noStore header to server.\r\nAdd menu items to media player.\r\nFix intranet menus.',1.5,10,29,0),(224,54,'2006-11-15 16:30:00','2006-11-15 19:00:04','Fixes to test \'score keeping\' after changes in login mandated by Mohawk.\r\nNow same person can take multiple tests.\r\nTest Editor can take test.',2.5,10,29,0),(225,77,'2006-11-16 15:46:00','2006-11-16 15:47:42','Diagnose Error\r\nCreate Work around\r\nsuggest permanent solution',1,8,-1,0),(226,54,'2006-11-16 13:00:00','2006-11-16 15:00:00','Compile and Upload administration programs with Mohawk people based login, train Shawn how to create tests.',2,10,29,0),(227,73,'2006-11-16 16:00:00','2006-11-16 17:30:00','Set S and O docs date to JO date.\r\nAdd Fax No to Division for Fax No on Sales and Operations Docs.',1.5,10,27,0),(229,63,'2006-11-20 10:06:00','2006-11-20 12:06:00','Test, Finish, Upload changes to spell checking, TO DO list. (Also has updates to make attach deficiencies more reliable)',2,10,28,0),(230,73,'2006-11-21 10:00:00','2006-11-21 12:30:00','Set S and O docs date to JO date.\r\nAdd Fax No to Division for Fax No on Sales and Operations Docs.',2.5,10,27,0),(231,5,'2006-11-22 09:00:00','2006-11-22 11:00:00','Report Writer Help and User Friendliness.\r\nMeet with Joe Bolduc',2,10,29,0),(232,64,'2006-11-22 16:08:00','2006-11-22 16:29:01','Email Client - Updates to User to have project list and Developer list',0.5,10,28,0),(233,63,'2006-11-24 10:51:00','2006-11-24 16:52:00','User - Project linkage for email,\r\nSpell check enhancements',6,10,28,0),(234,63,'2006-11-27 06:53:00','2006-11-27 15:53:00','Email process for developers',9,10,28,0),(235,63,'2006-11-28 10:54:00','2006-11-28 16:54:59','Email Process, Project View changes for mutliple company contacts, login and password changes, minor fixes.',6,10,28,0),(236,73,'2006-11-29 14:00:00','2006-11-29 16:00:00','Finish adding Fax No logic to 4 Operations documents',1.75,10,27,0),(237,26,'2006-11-30 14:30:00','2006-11-30 17:52:00','Turn Behavior Factors, Equipment/Material Factors,\r\nRoot Causes, and Corrective Action(s) in to multi controls',3.5,10,29,0),(238,61,'2006-12-01 10:00:00','2006-12-01 17:00:00','New Control Lists for child tables on \r\nCorrective_Actions, Root_Causes, Behavior_Factors,\r\nMaterial_Factors, Contractor_Involved, and Witnesses',7,10,29,0),(239,61,'2006-12-04 08:00:00','2006-12-04 10:00:00','Install Changes to I/A form, task 238.\r\nDebug/fix \'Save and Close\' on Employee popup.\r\nInitial version of \'Unified Report\'',2,10,29,0),(240,26,'2006-12-04 17:00:00','2006-12-04 18:00:41','Sign Off menu item,\r\nMake inner pages bottom menu similar to splash page',1,10,34,0),(241,71,'2006-12-05 09:00:00','2006-12-05 13:00:00','Build Dynamic Menu',4,10,30,0),(242,71,'2006-12-05 14:02:38','2006-12-05 14:32:00','Build Dynamic Menu',0.5,10,30,0),(243,71,'2006-12-05 16:30:00','2006-12-05 18:30:00','Build Paragraph Menu Item Builder',2,10,30,0),(245,11,'2006-12-06 09:16:00','2006-12-06 10:18:35','Refine Intranet Administrator Role.\r\nAdd Intranet link to bottom menu.\r\nSupport Nancy on Referring physician administration.\r\n',1,10,30,0),(246,74,'2006-12-06 11:44:00','2006-12-06 12:42:37','add max characters to size-price object',1,10,31,0),(247,74,'2006-12-06 13:30:00','2006-12-06 19:15:42','Finish code for adding max characters to size-price object.  Deploy to custom logo mats site.',5.75,10,31,0),(248,78,'2006-12-06 20:36:00','2006-12-06 21:24:27','Add Logic to clear text areas when new keep data is pressed.',0.8,10,28,0),(249,79,'2006-12-07 08:01:00','2006-12-07 10:36:32','Fix Wild-card Searches',2.5,10,32,0),(250,79,'2006-12-07 14:00:00','2006-12-07 18:00:00','Code, optimize and install expedited project indicator (flashing item on calendar.)',4,10,32,0),(251,69,'2006-12-08 07:00:00','2006-12-08 08:00:06','UML Design, initial class and UI entry form',1,10,31,0),(252,69,'2006-12-08 09:00:00','2006-12-08 10:55:04','Promotion Entry Page',1.75,10,31,0),(253,69,'2006-12-08 14:22:00','2006-12-08 17:23:12','Modify Projects page and Checkout page to handle promotion',3,10,31,0),(254,69,'2006-12-09 09:00:00','2006-12-09 10:00:00','Upload Promotion Changes',1,10,31,0),(255,80,'2006-12-11 09:25:00','2006-12-11 10:25:00','Try to get mysql-php working, fix errors with package manager.',1,18,13,0),(256,67,'2006-12-11 14:34:00','2006-12-11 15:00:00','Help Page',0.5,10,31,0),(257,67,'2006-12-12 13:55:00','2006-12-12 15:55:00','Site Content Editor Manual',2,10,31,0),(258,81,'2006-12-12 15:30:00','2006-12-12 18:00:00','Create new main board template',2.5,10,33,0),(259,81,'2006-12-13 08:00:00','2006-12-13 10:30:00','Move Compile Load and test site',2.5,10,33,0),(260,81,'2006-12-13 18:00:00','2006-12-13 21:00:14','Bring up administration system.',3,10,33,0),(261,81,'2006-12-14 08:00:00','2006-12-14 13:00:00','Debug and add data\r\n',5,10,33,0),(262,26,'2006-12-15 13:54:00','2006-12-15 14:55:00','Change text on sign on, and registration dialogs.\r\nInitial incident report Date to current date.',1,10,34,0),(263,67,'2006-12-15 08:00:00','2006-12-15 18:57:23','Rainbow administration training manual',7,10,31,0),(275,86,'2007-01-15 12:18:00','2007-01-15 14:03:23','Please make the login field accept numeric characters only. ',1.5,10,35,0),(620,90,'2007-09-20 07:50:00','2007-09-20 07:50:34','Modify template for inpection report to hold bigger company names',0.5,10,96,0),(265,83,'2006-12-18 11:39:00','2006-12-18 13:39:00','On Site Training',2,10,31,0),(266,84,'2006-12-20 16:00:00','2006-12-20 17:00:00','Advise on Laptop, consolidate images to graffiti page.  Fix JO list (hide price for ops)',1,8,-1,0),(267,85,'2006-12-20 09:24:00','2006-12-20 12:24:00','New Donor, Donation and Images Admin Pages',3,10,33,0),(268,81,'2006-12-27 10:36:00','2006-12-27 16:36:00','New Template from SMG Graphic',6,10,33,0),(269,81,'2006-12-29 10:24:00','2006-12-29 11:24:22','New Template from SMG Graphic',1,10,33,0),(270,81,'2007-01-02 14:06:00','2007-01-02 17:21:08','New Front Page Logic ',3.25,10,33,0),(271,81,'2007-01-04 10:55:00','2007-01-04 14:55:00','Payment System Changes\r\nForce Payment Setup before bidding',4,10,33,0),(272,81,'2007-01-05 08:35:00','2007-01-05 12:35:00','Force Payment Setup and Site Certificate setup',4,10,33,0),(273,86,'2007-01-10 13:30:00','2007-01-10 15:30:00','Mohawk Meeting, Spec Gathering on Contractor System and Safety System changes.',2,10,34,0),(274,86,'2007-01-11 12:08:00','2007-01-12 12:09:26','Fixes to Splash Page\r\nLink MSDS and New Window on TRAINING.',0.5,10,34,0),(276,86,'2007-01-16 13:50:00','2007-01-16 17:50:00','LMS - Add scroll logic to folder and media area.',3,10,35,0),(281,86,'2007-01-21 14:30:00','2007-01-21 17:31:33','File Upload Progress Bar',3,10,35,0),(277,86,'2007-01-17 10:00:00','2007-01-17 11:30:00','Training Session',1.5,10,35,0),(278,87,'2007-01-17 13:03:00','2007-01-17 15:03:00','Training Session at SPLASH',2,10,70,0),(279,86,'2007-01-18 15:36:00','2007-01-18 16:37:11','Create new dal tile, unilin site directories',1,10,35,0),(280,86,'2007-01-19 08:30:00','2007-01-19 12:30:00','New dal tile, unilin sites, replicate databases, media and meta-site.  Set up web server for virtual hosts.',4,10,35,0),(282,86,'2007-01-21 18:37:00','2007-01-21 21:37:24','File Upload Progress Bar',3,10,35,0),(283,88,'2006-11-22 09:00:00','2006-11-22 15:00:00','Mouse Drag Function',6,10,39,0),(284,89,'2006-12-22 01:01:00','2006-12-28 01:01:00','Scroll Bar Replacement',25,10,39,0),(285,81,'2007-01-22 10:30:00','2007-01-22 11:15:00','Install permanent site certificate',0.75,10,48,0),(286,86,'2007-01-22 15:30:00','2007-01-22 16:30:00','File Upload Status XML Service',1,10,40,0),(287,86,'2007-01-22 17:00:00','2007-01-22 22:00:00','File Upload Status Controls',5,10,40,0),(288,86,'2007-01-23 08:00:00','2007-01-23 11:00:00','Media Changes - Cross Browser tests and fixes.',3,10,40,0),(289,86,'2007-01-23 14:00:00','2007-01-23 19:00:00','Full Screen Video',5,10,40,0),(290,86,'2007-01-24 07:32:00','2007-01-24 08:02:46','Full Screen Video',0.5,10,40,0),(291,90,'2007-01-25 08:31:00','2007-01-25 08:31:47','Investigate and Fix Rich port co. mail problem.',2,10,36,0),(292,90,'2007-01-31 09:00:00','2007-01-31 11:36:19','\'New Keep Data\'  1. Drop down menus back to good\r\nExcept have the NA stay NA.  2. Text cleared (done already). 3. Change inspector to logged in inspector.',2.6,10,36,0),(293,90,'2007-01-29 09:15:00','2007-01-29 09:30:00','Remove the deficiencies attached from the Online Inspection dialog. ',0.25,10,36,0),(294,90,'2007-01-27 09:00:00','2007-01-27 09:30:00','Daily Inspection - Add by month filter',0.5,10,36,0),(295,86,'2007-01-26 09:00:00','2007-01-26 10:30:00','Deploy / Symolic Link media player upgrades to daltile and unilin web sites',1.5,10,40,0),(296,94,'2007-01-26 10:30:00','2007-01-26 13:30:00','Patentable Event based web,\r\nDevelop design and test proof of concept.',3,10,48,0),(297,86,'2007-01-24 09:30:00','2007-01-24 11:30:00','Install Changes to Mohawk Safety site',2,10,40,0),(298,90,'2007-01-29 06:25:00','2007-01-29 07:25:00','Daily Inspection - Add by month filter',1,10,36,0),(299,95,'2007-01-29 10:33:00','2007-01-29 11:03:41','Evaluation Type Dialog.\r\nList and Sequence added to better manage list items and order.',1,10,21,0),(300,95,'2007-01-30 08:35:00','2007-01-30 09:35:03','Sign On Redirect',1,10,21,0),(301,95,'2007-01-29 10:35:00','2007-01-29 16:35:00','Contractor Administration Panel Changes and Button based site options. Embedded contacts on contractor form. Sorts on contractor list.  Alternate Form / List view on Contractor UI.\r\n',7,10,21,0),(302,90,'2007-01-30 12:23:00','2007-01-30 14:23:00','Investigate/Resolve Mail Issues\r\nPut up new mailer / Test Lee Williams.',2,10,36,0),(303,65,'2007-01-15 08:25:00','2007-01-15 11:26:00','Create Schema / Dialogs for Daily Inspections',3,10,36,0),(304,96,'2007-02-01 12:09:00','2007-02-01 15:09:00','Offline daily - view data datagrid',3,10,36,0),(305,90,'2007-01-31 14:30:00','2007-01-31 17:45:00','OFF-LINE \'New Keep Data\'  1. Drop down menus back to good\r\nExcept have the NA stay NA.  2. Text cleared (done already). 3. Change inspector to logged in inspector.',3.25,10,36,0),(306,97,'2007-01-31 14:45:00','2007-01-31 15:00:00','Fix Professional Logo mat Product information',0.25,10,45,0),(307,90,'2007-02-01 10:30:00','2007-02-01 12:30:00','OFF-LINE \'New Keep Data\'  1. Drop down menus back to good\r\nExcept have the NA stay NA.  2. Text cleared (done already). 3. Change inspector to logged in inspector.',2,10,36,0),(308,96,'2007-02-02 09:09:50','2007-02-02 11:09:00','Offline daily - view data, switch to table panel - MS data-grid has no date control!',2,10,36,0),(309,96,'2007-02-05 09:00:00','2007-02-05 16:00:00','Offline daily - editor insert / update / delete',7,10,36,0),(310,96,'2007-02-06 09:06:00','2007-02-06 14:36:00','Offline daily - complete the offline editing, add month navigation, start upload and download',5.5,10,36,0),(311,105,'2007-02-07 10:00:00','2007-02-07 12:00:00','Meet with Tom, Go over new work and changes,\r\nRevise UML Design',2,10,42,0),(314,81,'2007-02-08 20:30:00','2007-02-08 21:00:00','Add Seals to templates.\r\nInsure forms with user information are all secured.\r\n',0.5,10,48,0),(315,11,'2007-02-11 19:00:00','2007-02-11 20:00:00','Move Site to new server - Build Meta-site on UBUNTU Linux mail server.',1,8,-1,0),(316,108,'2007-02-13 09:02:00','2007-02-13 09:03:00','Create WOSU sub-site and create generic templates ',4,10,47,0),(317,108,'2007-02-14 09:03:00','2007-02-14 09:04:05','Build and integrate new auction code on PBSAUCTIONS server and integrate with WOSU site',4,10,47,0),(318,106,'2007-02-19 08:29:00','2007-02-20 08:29:49','Install, customize and test HTMLDOC.',2,10,43,0),(319,109,'2007-02-15 08:30:00','2007-02-15 10:30:00','Reverse engineer UPCS, and document system',2,10,43,0),(320,110,'2007-02-19 13:00:00','2007-02-19 14:00:00','Move and Install Auction Server',1,10,48,0),(321,95,'2007-02-16 11:15:00','2007-02-16 12:00:00','Meet with Chris, insert new forms',0.75,10,46,0),(322,98,'2007-02-10 13:30:00','2007-02-10 15:30:00','0-11 Form',2,10,42,0),(323,98,'2007-02-20 13:31:00','2007-02-20 17:31:49','P and L schema, business objects and forms',4,10,42,0),(324,111,'2007-02-22 08:00:00','2007-02-22 16:00:00','Improved Donor - Donation - Item - Board, and distributor functionality.',8,10,47,0),(325,111,'2007-02-22 16:54:00','2007-02-22 16:54:20','Center Links (from SG)\nBid button in popup window (from SG)\nwosu link opens in new window (from SG)\n',0,8,-1,0),(326,98,'2007-02-23 05:59:00','2007-02-23 07:30:34','Job Task Interfaces for Operations P&L',3,10,42,0),(327,98,'2007-02-24 08:45:43','2007-02-24 09:59:46','O-11 form',1.25,10,42,0),(328,112,'2007-02-26 13:15:00','2007-02-26 14:00:00','Help Jada with Worcester Housing Report',0.75,10,43,0),(329,98,'2007-02-26 14:25:00','2007-02-26 15:25:00','O-12 Form',1,10,42,0),(330,98,'2007-02-26 17:00:00','2007-02-26 18:59:43','O-13 Form',2,10,42,0),(331,98,'2007-02-27 07:00:00','2007-02-27 08:00:00','Form 0-20',1,10,42,0),(332,113,'2007-02-28 06:52:00','2007-02-28 07:22:53','Issue and install new site certificate',0.5,10,80,0),(333,111,'2007-03-01 07:00:00','2007-03-01 09:00:00','Change URL to wosu.pbsauctions.com\r\nFix tv boards',2,10,47,0),(334,106,'2007-03-01 13:39:00','2007-03-01 15:09:19','Templates for new UPCS reports',1.5,10,43,0),(336,114,'2007-03-02 08:31:00','2007-03-02 08:31:33','Simple Task interface to Project Manager',6,10,43,0),(337,106,'2007-03-02 10:30:00','2007-03-02 11:00:00','conference call - reports',0.5,10,43,0),(338,112,'2007-03-05 10:30:00','2007-03-05 14:00:00','Summary Report Support,\r\nRent Reasonableness Import Default - to Electric, and Tenant Charge.',3.5,10,43,0),(339,114,'2007-03-16 09:32:24','2007-03-16 11:14:00','Test and install on McCright Server',1.7,10,53,0),(340,108,'2007-03-06 11:18:00','2007-03-06 12:18:00','Add session.User_Id glue for Bidding from Operator Console. Check Email on Board close.\r\n',1,10,47,0),(341,95,'2007-03-06 14:30:00','2007-03-06 16:18:54','Inline Evaluations with Instant Score Totals',1.8,10,46,0),(342,95,'2007-03-06 17:15:00','2007-03-06 19:30:00','Inline Evaluations with Instant Score Totals',2.25,10,46,0),(343,106,'2007-03-07 10:30:00','2007-03-07 12:30:00','Work on Inspection Complete Summary report.\r\nResearch and Identify fix for PDF generation.',2,10,43,0),(344,95,'2007-03-07 13:30:00','2007-03-07 15:45:00','Inline Evaluations with Instant Score Totals',2.25,10,46,0),(345,97,'2007-03-09 08:00:00','2007-03-09 10:00:00','Dealer Affiliate Pages with commissions report capability.',2,10,45,0),(346,97,'2007-03-07 15:59:00','2007-03-07 15:59:39','Line of Credit on payment system',0,10,80,0),(347,97,'2007-03-09 08:00:00','2007-03-09 12:30:00','Affiliate Promotion appears on Order',4.5,10,45,0),(348,98,'2007-03-10 15:00:00','2007-03-10 18:00:00','Rework Operations Schema and panels to clarified specs',3,10,44,0),(349,97,'2007-03-10 15:47:01','2007-03-10 16:17:00','Dealer Affiliate Pages with commissions report capability.',0.5,10,45,0),(350,97,'2007-03-13 09:30:00','2007-03-13 11:45:32','Fix templates for proper catalog wrapping.\r\nFix size price max chars issues in template and admin.',2.25,10,45,0),(351,97,'2007-03-13 11:46:08','2007-03-13 16:46:00','Dealer Affiliate Pages with commissions report capability.',5,10,45,0),(352,114,'2007-03-17 15:48:00','2007-03-17 16:48:00','Install MySQL server, client and development.',1,10,53,0),(353,118,'2007-03-16 16:03:00','2007-03-16 17:03:00','New Work Area form from new Schema',1,10,44,0),(354,118,'2007-03-17 09:49:00','2007-03-17 11:49:41','Task Item Sublist with setup',2,10,44,0),(355,118,'2007-03-18 08:00:00','2007-03-18 11:00:00','0-11 Report Generation against new schema',3,10,44,0),(356,118,'2007-03-20 09:03:00','2007-03-20 11:03:22','Replace 0-12, 0-13 templates and make new reports',2,10,44,0),(357,118,'2007-03-20 16:20:00','2007-03-20 17:50:00','Install and test',1.5,10,44,0),(358,114,'2007-03-21 12:25:00','2007-03-21 15:25:00','Install',3,10,53,0),(359,65,'2007-03-21 20:30:00','2007-03-21 21:45:39','Daily reports off project view, \r\nMade Daily Month Count report\r\nadded filters to daily report.',1.25,10,54,0),(360,114,'2007-03-22 07:58:31','2007-03-22 08:58:00','Page Template',1,10,53,0),(361,65,'2007-03-22 13:26:00','2007-03-22 14:26:00','Add daily / weekly rain amount discrepancy TO DO report.',1,10,54,0),(362,65,'2007-03-22 14:20:00','2007-03-22 14:50:00','Modify Off-line Daily to be like a spreadsheet, enter all at once, modify download to return only last of each daily.',0.5,10,54,0),(363,112,'2007-03-22 17:30:00','2007-03-22 20:00:00','Purple Server - re write scripts, and crons schedules.  Change index frames.  investigate JDBC errors.',2.5,10,53,0),(364,90,'2007-03-23 12:00:00','2007-03-23 12:30:00','Update Web Page Templates to fix IE 7.0 issues',0.5,10,54,0),(365,65,'2007-03-23 12:30:19','2007-03-23 13:30:00','Modify Off-line Daily to be like a spreadsheet, enter all at once, modify download to return only last of each daily.',1,10,54,0),(366,112,'2007-03-23 16:00:00','2007-03-23 18:00:00','Meeting',2,10,53,0),(367,114,'2007-03-24 10:06:00','2007-03-24 14:06:00','Build and test web environment',4,10,53,0),(368,114,'2007-03-26 09:00:00','2007-03-26 12:30:00','Build and test web environment',3.5,10,53,0),(369,122,'2007-03-26 15:00:00','2007-03-26 19:00:00','Setup server',4,10,52,0),(370,122,'2007-03-27 08:45:00','2007-03-27 16:45:00','Template creation, and testing.\r\nInstallation.',8,10,52,0),(371,123,'2007-03-28 07:00:00','2007-03-28 12:30:00','Creation',5.5,10,50,0),(372,123,'2007-03-28 17:30:00','2007-03-29 01:30:00','Test, Refine and install',8,10,50,0),(373,11,'2007-03-29 11:47:00','2007-03-29 11:48:00','Support with new content on site.\r\nFix service links.\r\nAdd table to well child checkups.',1,8,-1,0),(374,123,'2007-03-29 11:51:00','2007-03-29 12:58:27','Exit route image size handling, installation and testing.',2,10,50,0),(375,120,'2007-04-01 19:01:00','2007-04-01 22:01:00','Create CSV feed report',3,10,53,0),(376,119,'2007-04-02 13:21:00','2007-04-02 14:21:00','Design',1,10,56,0),(377,119,'2007-04-02 14:21:00','2007-04-02 15:21:58','Code\r\nAlter Project table, Project Class and UI',1,10,56,0),(378,119,'2007-04-03 09:48:00','2007-04-03 11:00:00','Business Logic -\r\nInsert Project Pre-Production assignments',1.2,10,56,0),(379,119,'2007-04-03 13:00:00','2007-04-03 16:00:00','Business Logic -\r\nInsert Project Pre-Production assignments',3,10,56,0),(380,119,'2007-04-03 19:30:00','2007-04-03 21:00:00','Pre-Production Calendar',1.5,10,56,0),(381,120,'2007-04-04 15:00:00','2007-04-04 18:00:00','Fix general issues with reporting performance.\r\nRemove 2 connects from connect.jsp common code.\r\nUpdate reports that used those connects to create connects locally.',3,10,53,0),(382,122,'2007-04-04 10:15:00','2007-04-04 11:15:00','Template refinement',1,10,52,0),(383,119,'2007-04-05 08:15:00','2007-04-05 10:15:00','Completion Checks',2,10,56,0),(384,120,'2007-04-05 12:45:00','2007-04-05 13:15:00','Create new \'Support Number\' entries in contact mech type table',0.5,10,53,0),(385,120,'2007-04-05 16:00:00','2007-04-05 19:00:00','Noitification part of CSV',3,10,53,0),(386,120,'2007-04-06 08:00:00','2007-04-06 15:00:00','Noitification part of CSV.\r\nTest and changes',7,10,53,0),(387,120,'2007-04-10 08:00:00','2007-04-10 16:00:00','Pending Notifications Feed Generation',8,10,53,0),(388,97,'2007-04-10 17:00:00','2007-04-10 18:00:00','Oakley Signs Landing Page updates',1,10,80,0),(389,95,'2007-04-11 11:00:00','2007-04-11 15:00:00','New Documents Page',4,10,51,0),(390,95,'2007-04-11 15:15:00','2007-04-11 17:00:00','New Documents Page',1.75,10,51,0),(391,97,'2007-04-12 12:24:00','2007-04-12 12:24:57','From Georgiana: I would like the shipping cost information to pull automatically from the web into the order confirmation that Customer Service gets via email. ',0,10,80,0),(392,95,'2007-04-12 08:30:00','2007-04-12 09:30:00','Install',1,10,51,0),(393,114,'2007-04-16 12:00:00','2007-04-16 18:00:00','Refinements - \r\nEdit by role.',6,10,57,0),(394,112,'2007-04-18 10:00:00','2007-04-18 11:30:00','IS Meeting\n',1.5,10,57,0),(395,112,'2007-04-18 14:00:00','2007-04-18 17:00:00','Maintenance on Linux Servers, Pick up Sandbox for new OS and software install\n',3,10,57,0),(396,121,'2007-04-18 17:03:00','2007-04-18 17:03:53','Finish Marketing Document',0,18,-1,0),(397,117,'2007-04-20 12:00:00','2007-04-20 16:00:00','Build Production Box,\nInstall RAID controller, build RAID 5 array.\nInstall UBUNTU',4,10,55,0),(398,90,'2007-04-19 09:21:00','2007-04-19 12:21:00','Maintenance to Project View.\nImplement Collapsible Inspection list.',3,10,54,0),(399,65,'2007-04-19 16:30:00','2007-04-19 20:45:00','Modify Off-line Daily to be like a spreadsheet, enter all at once, modify download to return only last of each daily.',4.25,10,54,0),(400,126,'2007-04-17 16:32:00','2007-04-17 18:32:00','Compile and Install',2,10,69,0),(401,65,'2007-04-21 10:00:00','2007-04-21 15:00:00','Finish up code,  Create Install Application',5,10,54,0),(402,90,'2007-04-20 12:00:00','2007-04-20 16:00:00','Project and Inspection Archival,\nMail support, new Developer Contact report to find developers not getting email.',4,10,54,0),(403,65,'2007-04-24 09:00:00','2007-04-24 12:00:00','Daily Mods,\nFix performance.\nAuto date and project\nView by day',3,10,54,0),(404,65,'2007-04-25 06:30:00','2007-04-25 07:00:00','Work on Rainfall To Do.\n',0.5,10,54,0),(405,112,'2007-04-23 14:10:00','2007-04-23 15:10:00','Replace bad HANO server disk drive',1,10,57,0),(406,112,'2007-04-25 09:30:00','2007-04-25 15:00:00','Help JADA with new reports and maintenance query for work area detail.  Meetings',5.5,10,57,0),(407,65,'2007-04-26 11:00:00','2007-04-26 18:00:00','New Updates, add Last Daily, stop downloading all dailies.  view by day.',7,10,54,0),(408,117,'2007-04-24 15:00:00','2007-04-24 18:00:00','UBUNTU Apt, configuration,\nInstall production environment',3,10,55,0),(409,127,'2007-04-20 10:30:00','2007-04-20 11:00:00','Meeting with Mike, initial updates',0.5,10,79,0),(410,127,'2007-04-26 08:18:00','2007-04-26 09:18:00','Rebuild Request Page, Create Mail Template',1,10,79,0),(411,117,'2007-04-27 11:00:00','2007-04-27 16:00:00','Finish install of required services.\nBuild / install latest binaries',5,10,55,0),(412,127,'2007-04-30 15:19:00','2007-04-30 15:19:25','The only other change needed right now to our site is on the splash page  change total voice and data solutions  --- to --- VOICE AND DATA COMMUNICATIONS',0,8,-1,0),(413,112,'2007-04-30 11:30:00','2007-04-30 12:30:00','Fix Email',1,10,57,0),(414,112,'2007-04-30 14:00:00','2007-04-30 18:30:00','Database Maintenance Queries for latest changes to database - to have old data show up on changed reports.)',4.5,10,57,0),(415,128,'2007-05-01 08:00:00','2007-05-01 09:00:00','Revenue by Price Bracket',1,10,59,0),(418,112,'2007-05-02 09:30:00','2007-05-02 18:00:00','In Office Support - letter templates - letter feed - UPCS - RR',5,10,57,0),(417,128,'2007-05-01 09:28:00','2007-05-01 10:28:00','Revenue by Hour',1,10,59,0),(419,80,'2007-05-03 09:50:00','2007-05-03 10:50:49','On new production server, backup / restore files.',1,18,13,0),(420,120,'2007-05-03 11:00:00','2007-05-03 12:00:00','Changes to letter feed to get landlord address through dwelling info if not on inspection record.',1,10,57,0),(421,117,'2007-05-07 08:00:00','2007-05-07 08:46:40','Web Configuration, all binaries built, databases setup.',0.75,10,61,0),(422,11,'2007-05-07 09:15:00','2007-05-07 09:45:00','Support on Content Management.\nPhysicians and Practice changes.\nReport Service Changes',0.5,8,-1,0),(423,117,'2007-05-07 09:47:20','2007-05-07 11:47:00','Web Configuration, all binaries built, databases setup.',2,10,61,0),(424,117,'2007-05-08 14:12:47','2007-05-08 15:48:25','Web Directory Permissions Issues,\nImport data',1.75,10,61,0),(425,112,'2007-05-08 16:30:00','2007-05-08 17:30:00','Meeting with Stan',1,10,58,0),(426,112,'2007-05-09 07:45:00','2007-05-09 08:00:00','RR Miami - Merge HA\'s',0.25,10,58,0),(427,132,'2007-05-09 12:00:00','2007-05-09 12:30:00','Fix server down.\nStart daemons',0.5,10,59,0),(428,132,'2007-05-09 12:30:00','2007-05-09 13:00:00','Server down. fix sessions.',0.5,10,59,0),(429,90,'2007-05-10 09:45:00','2007-05-10 10:45:00','Help Matt with Daily Inspection upload.\nAdd user panel link to Developer Contact report.',1,10,54,0),(430,132,'2007-05-10 08:00:00','2007-05-10 09:30:00','New TV Board',1.5,10,59,0),(431,132,'2007-05-10 12:30:00','2007-05-10 18:00:00','New TV Board',5.5,10,59,0),(432,112,'2007-05-11 09:00:00','2007-05-11 12:15:00','Coordinate solutions to UPCS issues.\nWork on RR Miami Dade.\n',3.25,10,58,0),(433,112,'2007-05-11 17:38:00','2007-05-11 17:38:51','Fix 3rd Inconclusive Letter in Section 8',0.25,10,58,0),(446,112,'2007-05-16 07:00:00','2007-05-16 08:15:26','Gary Housing data',1.25,10,58,0),(435,112,'2007-05-11 17:40:34','2007-05-11 17:40:34','Finish Porting Sandbox to UBUNTU including install os latest Task Manager.',0,10,58,0),(436,117,'2007-05-11 17:30:00','2007-05-11 17:45:00','Look over sites, test and fix missing files',0.5,10,61,0),(437,117,'2007-05-12 08:00:00','2007-05-12 12:00:00','Look over sites, test and fix missing files\nMove media from old server,\ncomplile contractor database.',4,10,61,0),(438,117,'2007-05-12 21:46:00','2007-05-12 22:46:51','Switch Servers, make new server production',1,10,61,0),(439,117,'2007-05-14 07:33:00','2007-05-14 08:33:27','Report, re-compile htmldoc.cgi for PDF issues found',1,10,61,0),(440,79,'2007-05-14 08:34:00','2007-05-14 10:34:00','Service Call, Server down.\nReplace Case and CPU fans.',3,10,56,0),(441,112,'2007-05-14 16:23:00','2007-05-14 18:23:00','3rd Reinspect Notification Letter.\nFix (Printing worng type)',2,10,58,0),(442,132,'2007-05-14 18:30:00','2007-05-14 19:00:00','TV Board tweaks',0.5,10,59,0),(443,117,'2007-05-15 06:59:25','2007-05-15 09:14:00','Report, re-compile htmldoc.cgi for PDF issues found\nFix post install issues with spell checking and brochure generation on Visitor Pass.',2.25,10,62,0),(444,106,'2007-05-15 11:30:00','2007-05-15 13:30:00','Help produce queries for UPCS reports for worcester.',2,10,58,0),(445,112,'2007-05-15 13:41:00','2007-05-15 14:56:57','Server Backup Ring',1.25,10,58,0),(447,112,'2007-05-16 09:15:00','2007-05-16 10:15:00','On Site Support, Section 8 import debugging.\n',1,10,58,0),(448,112,'2007-05-16 10:15:00','2007-05-16 11:00:00','On Site Support, Gary Housing Feed',0.75,10,58,0),(449,112,'2007-05-16 11:15:00','2007-05-16 11:45:00','UPCS Inspection reports, Jada\'s Mods.\n',0.5,10,58,0),(450,112,'2007-05-16 11:45:00','2007-05-16 12:00:00','RR Export - Investigate data not sent, etc\n',0.25,10,58,0),(451,112,'2007-05-16 15:00:00','2007-05-16 18:00:00','Gary Housing Report - Finish and send data\n',3,10,58,0),(452,117,'2007-05-17 06:45:00','2007-05-17 07:15:00','Bring up main server,\ncopy documents.meta to contractor folder',0.5,10,62,0),(453,90,'2007-05-17 10:04:00','2007-05-17 12:04:00','Filter out completed projects on download to off line.\nAlso, research camera attach event tray service',2,10,73,0),(454,65,'2007-05-21 08:06:00','2007-05-21 09:48:27','Make Online Daily like Offline.',1.7,10,73,0),(455,65,'2007-05-21 13:00:00','2007-05-21 14:30:00','Make Online Daily like Offline.',1.5,10,73,0),(456,65,'2007-05-21 16:30:00','2007-05-21 18:30:00','Make Online Daily like Offline.',2,10,73,0),(457,112,'2007-05-22 08:00:00','2007-05-22 09:30:00','Office Meeting',1.5,10,64,0),(458,117,'2007-05-22 11:00:00','2007-05-22 12:00:00','Backup Procedure - Password-less copy of backup files',1,10,62,0),(459,106,'2007-05-23 08:00:00','2007-05-23 17:00:00','UPCS Data maintenance for Worcester requirements',9,10,64,0),(460,65,'2007-05-22 13:00:00','2007-05-22 16:00:00','Daily Maintenance fixes for updates, add link from weekly to daily, add indexes to database to speed up To Do\'s.',3,10,73,0),(461,132,'2007-05-22 10:00:00','2007-05-22 12:00:00','Support on Pickup and Pay and E-Commerce transaction reporting.',2,10,63,0),(462,106,'2007-05-22 08:00:00','2007-05-22 16:00:00','UPCS Data maintenance for Worcester requirements',8,10,64,0),(463,20,'2007-05-25 11:15:00','2007-05-25 12:00:00','Test Build for Mohawk Site',0.75,10,62,0),(464,117,'2007-05-28 07:26:00','2007-05-28 08:26:00','File system archive without binaries for restore to hot swap backup server.',1,10,62,0),(465,20,'2007-05-29 07:30:00','2007-05-29 14:00:00','Clean up templates, deploy to production, test',6.5,10,62,0),(466,133,'2007-05-29 10:15:00','2007-05-29 10:30:00','Re-assign reports to for Mark Grantier',0.25,10,95,0),(467,90,'2007-05-29 10:30:00','2007-05-29 11:00:00','Help with developer viewing inspections',0.5,10,73,0),(468,112,'2007-05-30 09:30:00','2007-05-30 16:00:00','In Office\nImplemented 2 sided print for 52580.\nPrepare and spec clarification on KCDC\nAdvise Jada on detail report.',6.5,10,64,0),(469,66,'2007-05-31 14:00:00','2007-05-31 17:00:00','Registry setting research for camera attach event invocation of off-line.',3,10,73,0),(470,106,'2007-05-31 09:32:00','2007-05-31 11:32:00','Fixes for UPCS detail report',2,10,64,0),(471,106,'2007-06-01 08:34:00','2007-06-01 09:04:00','Final fix for UPCS detail report',0.5,10,64,0),(472,132,'2007-06-01 10:30:00','2007-06-01 11:00:00','Changes to TV Board,\nCapitalize headings.\nBigger better Bid image.\nBigger Bid Number.',0.5,10,63,0),(473,20,'2007-06-01 11:00:00','2007-06-01 12:00:00','Fix Dialogs Login to use taskToken cookie\nrecompile, test',1,10,62,0),(474,66,'2007-06-05 08:13:00','2007-06-05 18:13:00','Image Capture and control code',8,10,73,0),(475,112,'2007-06-06 10:30:00','2007-06-06 14:00:00','In Office:\n\nMeeting, UPCS PALM test, UPCS property data corrections.  Configure SANDBOX for new IP no.',3.5,10,65,0),(476,134,'2007-06-07 08:00:00','2007-06-07 20:00:00','Build Player',8,10,66,0),(477,134,'2007-06-08 08:00:00','2007-06-08 11:00:00','Install test and refine player and associated javascript.',3,10,66,0),(478,66,'2007-06-08 14:30:00','2007-06-08 18:00:00','Image Capture Code',3.5,10,73,0),(479,66,'2007-06-11 07:45:00','2007-06-11 10:45:00','Image Capture Code',3,10,73,0),(480,66,'2007-06-12 08:00:00','2007-06-12 16:00:00','Image Capture Code\nCapture and Resize Camera Images\nDetect if delete command available, delete if so.\n',8,10,73,0),(481,112,'2007-06-13 10:00:00','2007-06-13 19:00:00','In Office,\nWork on Section 8 import problems.\nImproved Import Program in beta testing.',9,10,65,0),(482,117,'2007-06-14 12:30:00','2007-06-14 16:30:00','Generic Backup Shell Script\nInstall backup environment on Mohawk server\nKeyed automatic login to backup server\n',4,10,66,0),(483,79,'2007-06-15 08:00:00','2007-06-15 08:45:00','Service Call, Power outage restart.',0.75,8,-1,0),(484,86,'2007-06-15 13:30:00','2007-06-15 14:30:00','Meeting with Steve and Vincent.',1,10,66,0),(485,86,'2007-06-15 17:17:00','2007-06-15 17:39:26','Fix User Registration\nNo Duplicates,\nNo Non Numeric Logins',2,10,66,0),(486,66,'2007-06-17 14:00:00','2007-06-17 15:27:08','Add Event Handler to Offline  Main Form\nAdd Data Item',1.45,10,73,0),(487,66,'2007-06-18 08:00:00','2007-06-18 11:00:00','Upload Images Dialog',3,10,73,0),(488,66,'2007-06-19 08:00:00','2007-06-19 10:00:00','Upload Images Dialog',2,10,73,0),(489,66,'2007-06-20 08:28:00','2007-06-20 11:28:34','Upload Images Dialog',3,10,73,0),(490,86,'2007-06-19 19:32:00','2007-06-19 21:32:00','Fix sign On after sign off problem.',2,10,67,0),(491,66,'2007-06-20 11:56:33','2007-06-20 17:56:00','Upload Images Dialog',6,10,73,0),(492,86,'2007-06-21 08:00:00','2007-06-21 09:30:00','Fix sign On after sign off problem.',1.5,10,67,0),(493,117,'2007-06-21 10:30:00','2007-06-21 11:30:00','Modify and Test Backup Script\n',1,10,76,0),(494,117,'2007-06-21 13:02:00','2007-06-21 14:02:00','Prepare new backup server',1,10,67,0),(495,112,'2007-06-22 08:00:00','2007-06-22 13:00:00','Work on S8 52580 report.',5,10,72,0),(496,86,'2007-06-22 07:00:00','2007-06-22 08:00:00','deploy and debug new sign on and registration code',1,10,67,0),(497,90,'2007-06-22 14:06:00','2007-06-22 14:36:00','Pull / Analyze Jerome Lowman uploads',0.5,10,73,0),(498,112,'2007-06-23 08:00:00','2007-06-23 09:00:00','Finish bug fixes for 52580',1,10,72,0),(499,132,'2007-06-23 09:00:00','2007-06-23 13:00:00','Investigate CC charges on Spring Auction.\nAdd code code for better Bid / Auction item synchronization.  Do not allow deletion of bids on paid for items.  Test on new software base.\n',4,10,71,0),(500,66,'2007-06-23 14:00:00','2007-06-23 16:00:00','Image DB interfaces and\nElastic Client area',2,10,73,0),(501,135,'2007-06-16 13:00:00','2007-06-16 13:30:00','Domain search and registration',0.5,10,85,0),(502,135,'2007-06-24 13:40:00','2007-06-24 14:40:00','Main Template Creation',1,10,85,0),(503,135,'2007-06-25 17:40:00','2007-06-25 19:40:00','Main Template Creation',2,10,85,0),(504,90,'2007-06-27 09:00:00','2007-06-27 12:00:00','Modified Off-line to force add new or update before modifying data on Inspection ot Deficiency.',3,10,73,0),(505,90,'2007-06-27 09:44:50','2007-06-27 10:44:00','Investigate Rain discrepancies.',1,10,73,0),(506,66,'2007-06-25 16:01:00','2007-06-25 20:01:00','Actual Uploads to server',4,10,73,0),(507,66,'2007-06-27 14:00:00','2007-06-27 19:00:00','Actual Uploads, Complete test / QC.',5,10,73,0),(508,86,'2007-06-27 08:00:00','2007-06-27 08:30:00','Deploy new flash player to all mohawk sites',0.5,10,67,0),(533,114,'2007-07-13 06:07:00','2007-07-13 09:07:00','Finish installation',3,10,74,0),(510,138,'2007-06-27 10:10:00','2007-06-27 11:10:00','Contractor Record Accounting Log',1,10,68,0),(511,112,'2007-06-28 10:30:00','2007-06-28 17:30:00','Knoville Feed:\n\nEntityID\nPrimaryStreet\nSecondaryStreet\nSuite\nCity\nState\nZip\nInspectionDate\nInspectionResults',7,10,72,0),(512,66,'2007-06-29 09:00:00','2007-06-29 17:00:00','QC, Close-up view, Prepare and test install.\n',8,10,73,0),(513,66,'2007-07-02 06:00:00','2007-07-02 12:00:00','Made fixes from testing.\nUpload final setup to server.\nUpload supporting server side programs.\n',6,10,73,0),(514,112,'2007-07-02 12:30:00','2007-07-02 13:00:00','More UPCS issues',0.5,10,74,0),(515,112,'2007-07-03 09:34:00','2007-07-03 13:34:00','More UPCS issues - rebuild report view',4,10,72,0),(516,86,'2007-07-02 15:40:00','2007-07-02 15:41:07','Work on items in mohawk task list.',1,10,67,0),(517,86,'2007-07-06 09:00:00','2007-07-06 10:00:00','Install site statistics system on Mohawk server.\n',1,10,67,0),(518,117,'2007-07-06 14:15:00','2007-07-06 17:15:00','Test, schedule backup.\ncomplete hot-swap sites.',3,10,67,0),(519,112,'2007-07-02 13:51:00','2007-07-02 14:51:00','Hano Style Rport\nFix Header problem',1,10,72,0),(520,138,'2007-07-07 10:40:00','2007-07-07 12:21:49','Contractor Changes Accounting Log',3.5,10,75,0),(521,138,'2007-07-08 13:45:00','2007-07-08 16:45:00','Log View',3,10,75,0),(522,90,'2007-07-09 09:16:00','2007-07-09 09:17:02','Under the to do list ( Rainfall Discrepancy) when I pick on the rainfall amount under the Recorded daily rainfall, can you have it go to the daily inspection report that correlates?',0.25,10,94,0),(523,90,'2007-07-09 09:19:00','2007-07-09 09:20:29','Missing Inspection To Do report:\nReport Daily and weekly inspections that are missing',0.25,10,94,0),(537,86,'2007-07-11 14:15:00','2007-07-11 16:15:00','Meeting with Cindy\nWork with Bob on Template, metasite.',2,10,76,0),(525,138,'2007-07-09 10:13:00','2007-07-09 16:20:08','More work on Log view',6,10,75,0),(526,138,'2007-07-10 08:00:00','2007-07-10 10:35:23','Auto sum and Evaluate',2.5,10,75,0),(527,138,'2007-07-09 16:00:00','2007-07-09 18:30:00','Auto sum and Evaluate',2.5,10,75,0),(528,138,'2007-07-10 10:38:00','2007-07-10 11:38:00','Install Contractor Changes',1,10,75,0),(529,135,'2007-07-10 06:30:00','2007-07-10 07:00:00','More template design',0.5,10,85,0),(530,112,'2007-07-10 15:00:00','2007-07-10 18:00:00','Meeting.\nDeploy letter feeds to yellow server.',3,10,74,0),(531,135,'2007-07-11 08:00:00','2007-07-11 09:30:00','More template design',1.5,10,85,0),(532,114,'2007-07-11 22:13:00','2007-07-11 23:13:24','Install on rebuilt sandbox',1,10,74,0),(534,114,'2007-07-12 17:00:00','2007-07-12 19:00:00','Install on rebuilt sandbox',2,10,74,0),(535,90,'2007-07-13 11:30:00','2007-07-13 12:30:00','Work on Inspection reports.\nCenter footer.\nFix contact info.\nInitial work on Image View.',1,10,84,0),(536,114,'2007-07-13 12:30:00','2007-07-13 14:45:00','Enter Tasks',2.25,10,74,0),(538,112,'2007-07-16 09:30:00','2007-07-16 11:30:00','Get Enrique Started on Inspections Model',2,10,78,0),(539,86,'2007-07-16 12:15:00','2007-07-16 12:30:27','Mohawk changes for people dups, email self registration, send password.',0.25,10,77,0),(540,86,'2007-07-16 14:00:00','2007-07-16 18:00:00','Mohawk changes for people dups, email self registration, send password.',4,10,77,0),(541,112,'2007-07-16 12:01:00','2007-07-16 19:02:18','Support for \nPinellas County Housing Authority',1,10,78,0),(542,112,'2007-07-17 06:22:00','2007-07-17 07:04:49','Check data after erroneous data upload on inspect system',0.7,10,78,0),(543,86,'2007-07-17 07:12:00','2007-07-17 08:31:12','People Self Management of Profile\nFixes for IE incompatibility\'s in UI.\n(leeSpirit.css and htmp.)',1.31667,10,77,0),(544,86,'2007-07-17 17:00:00','2007-07-17 18:40:09','People self profile management',1.66667,10,77,0),(545,132,'2007-07-17 14:15:00','2007-07-17 14:45:00','2007 donor thankyou letters',0.5,8,-1,0),(546,97,'2007-07-17 14:30:00','2007-07-17 16:30:00','Porting Site',2,10,80,0),(547,86,'2007-07-18 08:15:00','2007-07-18 09:00:00','People self profile management',0.75,10,77,0),(548,97,'2007-07-18 07:46:00','2007-07-18 08:16:37','Untar source files and review makes',0.5,10,80,0),(549,112,'2007-07-18 10:00:00','2007-07-18 16:00:00','Support for many inspection import errors.\nBuild views to look at Chris Goodwin data 7/16 - 7/17\nHelp Enrique.\n',6,10,78,0),(550,97,'2007-07-19 02:30:00','2007-07-19 04:00:00','Build Install Oakley Landing Page.',1.5,10,80,0),(551,112,'2007-07-19 16:09:00','2007-07-19 23:38:00','Import Analysis Report for Kay, emergency import.\nPhone support.\nIssue for abate cures import failures.',2,10,78,0),(552,112,'2007-07-20 09:30:00','2007-07-20 11:36:28','Meeting\nKCDC changes',2.1,10,78,0),(553,86,'2007-07-20 13:35:35','2007-07-20 14:49:53','People self profile management',1.23333,10,77,0),(554,86,'2007-07-20 14:50:21','2007-07-20 18:11:35','Registration Change Emails\n',3.35,10,77,0),(555,66,'2007-07-20 18:04:00','2007-07-20 18:34:00','Add .net 2.0 to install and upload',0.5,10,84,0),(556,136,'2007-07-21 09:30:00','2007-07-21 12:00:00','Copy, set up temp secure cert.\nCreate web configuration files for internet and xtranet sites. Move and filter glass fusion date,\nSet up xtranet.  \n',2.5,10,86,0),(557,85,'2007-07-21 08:00:00','2007-07-21 09:00:00','Prepare for wtci, wosu migration to new box, add new donation fields for accurate accounting, and \'Buy Now \' pricing.',1,10,87,0),(558,85,'2007-07-21 12:00:00','2007-07-21 12:15:54','Pull Certificate and Configuration before UBUNTU Install',0.25,10,87,0),(559,86,'2007-07-23 09:03:00','2007-07-23 15:04:14','Install and test People and Registration changes.\nSend Password to the forgetful ones.\nAdd self profile management to supervisor role.',6.01667,10,81,0),(560,86,'2007-07-23 16:35:00','2007-07-23 19:05:11','Try imports for \n7-23_insp_info- Bruce-Sitki.txt\n7-23_insp_info- Ron-Gericke.txt\nusing new import routine.',2,10,81,0),(561,112,'2007-07-24 09:00:00','2007-07-24 11:00:00','Fix and import 7-23_insp_info- Bruce-Sitki.txt',2,10,82,0),(562,112,'2007-07-24 13:00:00','2007-07-24 17:12:12','Fix and import 7-17_insp_info- Chris-Goodwynne.txt',4.2,10,82,0),(563,86,'2007-07-25 10:15:00','2007-07-25 12:00:00','Task Items,\nRegistration (numeric only check, closed task item.)\nSign in issues, user profile management and send password (close task item).\nLocation Changes, add location code, sort change.',1.75,10,81,0),(564,86,'2007-07-25 13:30:00','2007-07-25 18:00:00','Locations, Modify all location combo boxes to pick up new location code, Add Exit Map to Locations, Mdify Visitor Pass to pick up exit map from location.  Improve Exit Map resolution.',4.5,10,81,0),(565,97,'2007-07-25 12:25:00','2007-07-25 13:00:00','Work on moving to new server.\nSource code compiled, work through directory and permissions issues.\n\n',0.5,10,90,0),(566,112,'2007-07-26 09:00:00','2007-07-26 11:00:00','Inspection Import Issue Investigation',2,10,82,0),(567,112,'2007-07-26 13:00:00','2007-07-26 13:45:00','Import Andres T 7/16 data.',0.75,10,82,0),(568,97,'2007-07-26 15:00:00','2007-07-26 15:45:00','Install database,\nCompile Source',0.75,10,90,0),(569,86,'2007-07-26 14:30:00','2007-07-26 15:30:00','Fix Sorts on Location Combos.\nFix Vincent\'s User ID\nExplain new features of Visitor Pass and Locations.',1,10,81,0),(570,90,'2007-07-27 14:30:00','2007-07-27 15:00:00','Inspection Gap TODO report',0.5,10,84,0),(571,90,'2007-07-27 15:00:00','2007-07-27 16:30:38','Work on Deficiency Image link in Inspection report',1.5,10,84,0),(572,66,'2007-07-30 10:00:00','2007-07-30 12:15:36','Imaging Links in deficiency portion of inspection report.',2.25,10,84,0),(573,86,'2007-07-30 13:15:00','2007-07-30 16:30:00','New Devlopment Meeting',3.25,10,88,0),(574,86,'2007-07-30 19:00:00','2007-07-30 19:45:00','Mods to People\nRemove email insert criteria,\nAdd login number search to People UI.',0.75,10,88,0),(575,66,'2007-07-30 18:51:00','2007-07-30 19:51:53','Put up and test Image Linked Deficiency report',1,10,84,0),(576,97,'2007-07-31 05:55:45','2007-07-31 07:52:30','Install database,\nCompile Source,\nsubmit trouble ticket to fix web access',1.75,10,90,0),(577,112,'2007-07-31 08:09:00','2007-07-31 11:10:49','Work on Debug Import\nImport Anders from Friday.\nMissing results from 7/16 of andrest.',3.01667,10,83,0),(578,86,'2007-08-04 10:46:00','2007-08-04 11:46:00','Prepare CMS Template',1,10,88,0),(579,66,'2007-07-31 12:30:00','2007-07-31 14:00:00','New Image Report Template, Changes to Gap report.',1.5,10,84,0),(580,135,'2007-08-01 09:00:00','2007-08-01 10:30:00','Integrate Template into new metasite code.',1.5,10,85,0),(581,97,'2007-08-02 09:08:00','2007-08-02 11:08:46','Investigate declined order\nRemove Design My Mat links',2,10,90,0),(582,97,'2007-08-02 12:02:00','2007-08-02 15:02:00','Work on Secure Certificate and CC gateway component on new server.',3,10,90,0),(583,97,'2007-08-02 15:33:00','2007-08-02 17:33:34','Finish Work on Secure Certificate and CC gateway component on new server.',2,10,90,0),(584,138,'2007-08-03 15:00:00','2007-08-03 18:00:00','2) eminent expiration of contractor',3,10,89,0),(585,86,'2007-08-06 13:15:00','2007-08-06 14:15:00','Meeting',1,10,91,0),(586,85,'2007-07-21 13:00:00','2007-07-21 14:00:00','UBUNTU Install',1,10,87,0),(587,0,'2007-08-03 15:17:00','2007-08-03 16:18:00','Install UBUNTU on new server',1.01667,8,-1,0),(588,135,'2007-08-08 11:15:00','2007-08-08 12:15:00','Site Progress and Detail Meeting',1,10,85,0),(589,135,'2007-08-08 09:20:00','2007-08-08 10:20:00','Build and put new site components up',1,10,85,0),(590,135,'2007-08-08 14:21:00','2007-08-08 15:21:00','New Design Elements',1,10,85,0),(591,86,'2007-08-09 12:20:00','2007-08-09 13:20:24','Mohawk Task Item 29, make sure Location shows in I/A form at all times.',1,10,91,0),(592,86,'2007-08-09 10:15:00','2007-08-09 15:15:00','17. Finish color coding. Code Expired Status change.',5,10,91,0),(593,135,'2007-08-09 07:30:00','2007-08-09 09:30:00','Upload new design, test, refine style and look.',2,10,85,0),(594,86,'2007-08-10 10:06:00','2007-08-10 11:06:08','17. Added Expire date to Contractor Lists and Form',1,10,91,0),(595,86,'2007-08-10 11:30:00','2007-08-10 12:15:00','Task ID 19\nSet up dis-qualifier role and logic',0.75,10,91,0),(596,86,'2007-08-10 14:30:00','2007-08-10 17:30:00','Adding logic for contractor disqualifier role.',3,10,91,0),(597,133,'2007-08-15 12:30:00','2007-08-15 13:30:00','Fix Sales, operations and Admin document pages service listings (to absolute URLs).\nUpdate Job Order to limit external contractors.\nAdded page that documents filters and restrictions by group.',1,10,95,0),(598,90,'2007-08-15 11:26:00','2007-08-15 12:26:00','High Level Design work on Monthly Report',1,10,94,0),(599,86,'2007-08-15 16:27:00','2007-08-15 18:27:00','Finish and deploy remaining contractor changes.',2,10,93,0),(600,97,'2007-08-16 12:18:00','2007-08-16 13:18:40','Move mail record to kleentex.\nBring up local mail server',1,10,103,0),(602,94,'2007-08-18 11:13:00','2007-08-18 13:13:00','New Build',2,10,87,0),(603,94,'2007-08-20 13:33:00','2007-08-20 17:33:00','Create new auction development and deployment environment',4,10,87,0),(604,94,'2007-08-21 09:35:00','2007-08-21 16:35:00','Merge wtci and wosu codebase',7,10,87,0),(605,94,'2007-08-22 09:00:00','2007-08-22 17:00:00','Merge wtci and wosu codebase, test and clean.',8,10,87,0),(606,94,'2007-08-23 10:36:00','2007-08-23 13:36:00','Automatic Payment Mode detection from payment services data',3,10,87,0),(607,90,'2007-08-28 09:00:00','2007-08-28 14:00:00','Def Image Report changes for corrected images',5,10,94,0),(608,90,'2007-08-29 08:00:00','2007-08-29 10:15:00','Monthly Forms and new tables ',2.25,10,94,0),(609,94,'2007-08-24 08:00:00','2007-08-24 16:00:00','Build out sites',8,10,87,0),(610,94,'2007-08-25 08:00:00','2007-08-25 16:00:00','Build out sites',8,10,87,0),(611,90,'2007-08-29 09:00:00','2007-08-29 17:00:00','Monthly Reports Forms',8,10,94,0),(612,90,'2007-08-30 09:00:00','2007-08-30 17:00:00','Monthly Reports',8,10,94,0),(613,90,'2007-08-31 09:00:00','2007-08-31 14:45:00','Build Report',5.75,10,94,0),(614,90,'2007-08-31 15:00:00','2007-08-31 16:15:00','Find and Fix causes of duplicate images',1.25,10,94,0),(615,140,'2007-09-09 13:36:00','2007-09-09 14:36:00','Start Document',1,10,92,0),(616,140,'2007-09-16 16:36:00','2007-09-16 16:36:42','Complete Document',1,10,92,0),(617,86,'2007-09-02 16:51:00','2007-09-02 16:52:00','Turn on backups to new server',1,10,93,0),(618,133,'2007-09-17 07:40:00','2007-09-17 08:10:00','Fixes on notes pop-up list',0.5,10,95,0),(619,97,'2007-09-19 07:30:00','2007-09-19 08:00:00','Support and thumbnails',0.5,10,103,0),(621,94,'2007-09-19 07:15:00','2007-09-19 08:00:00','Bring up auction daemons, investigate $200 charge.\n',0.75,10,99,0),(622,97,'2007-09-24 17:05:00','2007-09-24 18:13:15','Multi Email Notifications',1.13333,10,103,0),(623,97,'2007-10-04 22:14:00','2007-10-04 22:14:59','Support this week',1.75,10,103,0),(624,86,'2007-10-03 22:17:00','2007-10-04 22:17:14','Turnover to Tripp',1.5,18,101,0),(625,90,'2007-10-04 22:18:00','2007-10-04 22:18:47','Work on monthly',1.25,10,96,0),(626,86,'2007-10-05 07:00:00','2007-10-05 07:30:00','More turnover help',0.5,18,101,0),(627,90,'2007-10-07 20:45:00','2007-10-07 21:15:00','More work on monthly layout',0.5,10,96,0),(628,133,'2007-10-07 21:00:00','2007-10-07 21:15:00','Work on siltanium domain records',0.5,10,95,0),(629,86,'2007-10-21 19:23:00','2007-10-21 20:23:41','More turnover help',1,18,101,0),(630,94,'2007-10-30 06:41:00','2007-10-30 07:20:26','Template changes to confirmation letter etc.',0.65,10,99,0),(631,0,'2007-10-31 21:11:00','2007-10-31 21:11:43','Pull data from live site',0.5,8,-1,0),(632,90,'2007-11-07 20:10:00','2007-11-07 22:10:00','Fix Inspection page layout',2,10,96,0),(633,133,'2007-11-08 06:22:00','2007-11-08 08:22:00','Siltanium Template',2,10,95,0),(634,133,'2007-11-10 07:30:00','2007-11-10 15:00:00','Modify 4 templates, pull site content and modify on local server.',7.5,10,95,0),(635,94,'2007-11-19 20:18:00','2007-11-19 22:18:00','WOSU Report and report system setup',2,10,99,0),(636,94,'2007-12-01 00:12:00','2007-12-01 00:12:52','Work on WOSU.\nMove DB and set up reporting.',1,10,99,0),(637,94,'2007-12-01 13:36:00','2007-12-01 16:36:17','Work on WOSU.\nMove DB and set up reporting.',3,10,99,0),(638,133,'2007-12-02 19:34:00','2007-12-02 20:04:00','Quote Sheet.\nCreate Project Document',0.5,10,97,0),(639,133,'2007-12-04 06:00:00','2007-12-04 07:30:00','new S13',1.5,10,97,0),(640,135,'2007-12-03 17:15:00','2007-12-03 18:30:00','Meeting',1.25,8,-1,0),(641,90,'2007-12-04 22:00:00','2007-12-04 23:15:00','Speed up TODO list.',1.25,10,98,0),(642,90,'2007-12-09 21:00:00','2007-12-09 22:00:00','Upload and fixup new site',1,10,98,0),(643,90,'2007-12-10 21:03:00','2007-12-10 23:03:45','Enable Contact Us and Registration forms',2,10,98,0),(644,90,'2007-12-13 20:00:00','2007-12-13 23:00:00','New Refinements for Client Subscriber',3,10,98,0),(645,94,'2007-12-15 08:35:00','2007-12-15 10:28:11','4 New sites',1.88333,10,99,0),(646,94,'2007-12-16 21:45:00','2007-12-17 00:04:25','LSPT as new model',2.31667,10,99,0),(647,90,'2007-12-18 20:41:00','2007-12-18 21:57:51','Fix Daily List for Client Subscriber.\nFound and fixed holes in inspections.',1.26667,10,98,0),(648,94,'2007-12-18 22:00:00','2007-12-18 23:54:40','Added MPBN',1.9,10,99,0),(649,94,'2008-01-06 16:30:00','2008-01-06 18:30:00','Add Donation Location to auction',2,10,99,0),(650,94,'2008-01-08 22:08:00','2008-01-08 22:38:24','New report template',0.5,10,99,0),(651,141,'2008-01-10 20:51:00','2008-01-10 22:51:00','Check security on site.\r\nLook for hacks with rkhunter\r\nKill errant processes',2,10,102,0),(652,142,'2008-01-12 10:03:00','2008-01-12 12:03:41','Site Certificate and redirect, move intranet to siltanium',2,10,100,0),(653,142,'2008-01-12 12:07:00','2008-01-12 13:57:16','FIXED - WEB SITE- Remove Mark Grantier and phone from Cleaning Instructions (on cleaning).\n\nNote: cleaned up reports so data is visible even without work areas defined.  Indicates NO WORK ORDER DEFINED.)\n\nFIXED - XNET-  Security-  On job order screen, anyone can see job costs by moving to list at the bottom.  Remove pricing there. (ONLY SALES PEOPLE CAN SEE THIS, NEED USER LOGIN WITH PROBLEM TO TEST, USED Charles Luhrman)',1.75,10,100,0),(654,90,'2008-01-12 16:23:00','2008-01-12 18:23:58','Update intranet styles',2,10,98,0),(655,94,'2008-01-17 19:23:00','2008-01-17 20:23:28','Various support on email responses.',1,10,99,0),(656,90,'2008-01-17 20:45:00','2008-01-17 21:30:00','Investigate and Fix project view and other issues.',0.75,10,98,0),(657,142,'2008-01-17 22:00:00','2008-01-17 22:30:00','Add trial discount to S-13',0.5,10,100,0),(658,142,'2008-01-17 22:30:00','2008-01-17 22:52:53','Operations Manager report',0.5,10,100,0),(659,142,'2008-01-26 17:54:00','2008-01-26 19:54:58','Remove Restrictions on TODO\'s\n(Now works by regions only.)\nFixed Notes Popup caused by browser restrictions.\nWorked on Operations Manager Report.',2,10,100,0),(660,142,'2008-01-27 17:55:00','2008-01-27 19:10:00','Operations Manager Report',1.25,10,100,0),(661,142,'2008-01-29 08:47:00','2008-01-29 08:48:01','Install and test Operations Report on production web sites.',1,10,100,0),(662,90,'2008-02-02 12:36:00','2008-02-02 13:06:27','Investigate Email',0.5,10,98,0),(663,94,'2008-02-02 18:24:00','2008-02-02 18:54:16','Agent Book Report, WOSU',0.5,10,99,0),(664,90,'2008-02-02 18:55:00','2008-02-02 18:55:34','ToDo actions return to todo list.',0,10,98,0),(666,97,'2008-02-03 16:30:00','2008-02-03 17:30:00','Check Domicile, Check EMail, Renew Ceritificate, Check Frontpage extensions and usage.',1,10,103,0),(667,97,'2008-02-05 19:55:00','2008-02-05 20:25:21','set up multi EMail, Set up Chris on server.',0.5,10,103,0),(668,133,'2008-02-05 19:30:00','2008-02-05 19:45:00','Verify site editor on MAC (Camino)\n(It works!)',0.25,8,-1,0),(669,142,'2008-02-06 19:30:00','2008-02-06 21:00:00','Phone Consulting, Fixes, Walk-throughs',1.5,10,105,0),(670,142,'2008-02-09 16:32:00','2008-02-09 16:33:50','Add (TM),(R) and extended chars and PDF document handling to new web editor.  Upload and test.',2,10,105,0),(671,97,'2008-02-12 19:15:00','2008-02-12 20:15:00','Site certificate',1,8,-1,0),(672,90,'2008-02-12 21:24:00','2008-02-12 22:24:00','Missing / User / Inspection support fix.',1,10,108,0),(673,94,'2008-02-15 04:00:00','2008-02-15 05:45:00','Import LSPT Bidders',1.75,10,104,0),(674,90,'2008-02-17 14:30:00','2008-02-17 16:15:00','Add \'View Report\' to daily list.',1.75,10,108,0),(675,97,'2008-02-18 20:27:26','2008-02-18 21:01:18','Site certificate',0.566667,8,-1,0),(676,94,'2008-02-18 21:34:00','2008-02-18 23:34:26','Bidder Import',2,10,104,0),(677,97,'2008-02-20 19:00:00','2008-02-20 19:30:00','Finish Certificate',0.5,8,-1,0),(678,144,'2008-02-22 07:47:00','2008-02-22 07:47:30','Look at issues with Payment setup during self registration',0,10,104,0),(679,94,'2008-02-23 09:10:00','2008-02-24 00:08:48','POS Improvements',12,10,104,0),(680,94,'2008-02-25 07:22:00','2008-02-25 08:17:03','Install new POS',0.916667,10,104,0),(681,94,'2008-02-26 07:30:00','2008-02-26 08:00:00','WOSU Fix sync.js',0.5,10,104,0),(682,142,'2008-02-26 20:48:00','2008-02-26 20:48:32','Quotes Expected to Close Report and Client Interest addition to JO',1.5,10,105,0),(683,142,'2008-03-03 21:18:00','2008-03-03 22:00:00','Work on Reports, \nRe-key Tom\'s notes',0.5,10,105,0),(684,142,'2008-03-04 05:39:42','2008-03-04 08:00:00','Work on Reports, site issues, O-13 edits.\n',2,10,105,0),(685,142,'2008-03-05 08:00:00','2008-03-05 08:45:00','Web site changes',0.75,10,106,0),(686,142,'2008-03-08 11:30:00','2008-03-08 19:00:01','Sq. Footage to Work Area from JO.\nAdd JO column for work area indicator.\nForm report edits from Tom\'s handwritten notes.',6.5,10,106,0),(687,145,'2008-03-10 21:19:00','2008-03-10 22:38:02','LSPT TV board',1.25,10,107,0),(688,146,'2008-03-13 21:00:00','2008-03-13 21:45:00','Work Order',1,10,106,0),(689,146,'2008-03-15 10:30:00','2008-03-15 12:30:00','Form Logo, Site Templates and menus',2,10,106,0),(690,146,'2008-03-15 14:20:00','2008-03-15 17:20:04','New Templates, content and style changes',3,10,106,0),(691,145,'2008-03-16 12:25:00','2008-03-16 17:25:00','Finish LSPT issues',5,10,107,0),(692,135,'2008-03-16 18:00:00','2008-03-16 19:15:00','Contact Form Template and Page',1.25,8,-1,0),(693,135,'2008-03-17 19:00:00','2008-03-17 19:45:00','Install Contact Form and Test',0.75,8,-1,0),(694,90,'2008-03-19 07:15:00','2008-03-21 07:15:46','Email Support\nDebug upload issues',1,10,108,0),(695,145,'2008-03-20 07:32:00','2008-03-21 07:33:44','Console Login - Make Private model.\nFix Editor and Add Auction Mania Logo',1,10,107,0),(696,90,'2008-03-22 10:01:00','2008-03-22 12:01:00','Research missing Project Status on weekly Inspections',2,10,108,0),(697,142,'2008-03-25 18:30:00','2008-03-25 19:00:00','Support',0.5,9,111,0),(698,145,'2008-03-25 20:15:00','2008-03-25 22:15:21','Install Gateway Connect, Test Payment setup from Admin',2,10,107,0),(699,145,'2008-03-26 18:17:00','2008-03-26 18:17:52','order super certificate',1,10,107,0),(700,142,'2008-03-26 21:59:00','2008-03-26 21:59:23','Support',0.5,9,111,0),(701,90,'2008-03-26 22:00:00','2008-03-26 22:00:43','Error Handling for Project Status,\nInvestigate email problems',1,10,108,0),(702,145,'2008-03-28 19:24:00','2008-03-28 20:54:00','Fix Payment Setup to Bidder interfaces\n(Bidder wasn\'t being updated with change in payment status.)',1.5,10,107,0),(703,145,'2008-03-29 07:45:00','2008-03-29 12:30:00','Deploy payment changes, enable secure site, enable secure links to payment and bidder. Finish SSL Apache changes.',4.75,10,107,0),(704,145,'2008-04-02 07:00:00','2008-04-02 07:15:00','Report & TV Board',0.25,10,107,0),(705,145,'2008-04-02 20:41:00','2008-04-02 23:22:39','Board Style',2.68333,10,107,0),(708,145,'2008-04-06 17:25:00','2008-04-06 17:26:15','Live Auction Support - minor last minute fixes',1,10,107,0),(709,142,'2008-04-09 11:30:00','2008-04-09 12:30:00','Meeting',1,9,111,0),(707,145,'2008-04-05 19:35:00','2008-04-05 22:02:52','Change Bidder win notify.\nTook link off tvboard',2.45,10,107,0),(710,145,'2008-04-11 07:00:00','2008-04-11 07:45:00','WOSU Support',0.75,10,107,0),(711,142,'2008-04-19 09:24:00','2008-04-19 11:25:03','Fix Single Login Issues, Remove Job Order Filter, Fix Job Notes, Improve style and list justify left.',2,9,111,0),(712,149,'2008-04-19 13:45:00','2008-04-19 19:00:00','Add Generic Combo',5.25,10,110,0),(714,147,'2008-04-20 14:12:00','2008-04-20 15:12:30','Check out Bidder Payment setup on WOSU site, Fixed all Bidders to be Cash Only.',1,10,110,0),(715,147,'2008-04-22 21:00:00','2008-04-22 22:30:00','Make sure receipt totals shows tax shipping and grand totals.',1.5,10,110,0),(716,147,'2008-04-23 20:00:00','2008-04-23 21:30:00','Fix Taxes on Audit Summary.\nAdd meet the bid status.',1.5,10,110,0),(717,142,'2008-04-27 16:22:00','2008-04-27 17:22:30','Added New Sales, Operations and MSDS documents',1,9,111,0),(718,142,'2008-04-28 18:30:00','2008-04-28 19:00:00','Uncheck Notes actionable by default, change contact search to last name',0.5,9,111,0),(719,142,'2008-04-29 20:17:00','2008-04-29 21:26:13','New quote sheet form.',1,9,111,0),(720,142,'2008-05-01 18:15:00','2008-05-01 19:15:00','Completely new form, minus 1 hour for using incorrect form (previous task item).',1.5,9,111,0),(721,142,'2008-05-03 07:53:00','2008-05-03 11:17:30','ToDo List Changes',3.25,9,111,0),(722,142,'2008-05-19 07:30:00','2008-05-19 08:00:00','Support',0.5,9,111,0),(723,142,'2008-05-21 20:31:00','2008-05-21 21:35:09','investigate todo issues',1.06667,9,111,0),(725,150,'2008-05-22 20:09:00','2008-05-22 21:09:11','Spec gathering and design',1,9,111,0),(726,150,'2008-05-24 08:37:00','2008-05-24 08:37:14','Build from UML design',1,9,111,0),(727,150,'2008-05-26 08:45:00','2008-05-26 12:00:00','Build from UML design',3.25,9,111,0),(728,142,'2008-05-31 08:30:00','2008-05-31 10:30:00','Various changes from email requests.',2,9,111,0),(729,142,'2008-06-05 22:16:00','2008-06-05 23:01:15','Work Area Schedule - Make easier to use by broadening \'Keep\' decision to include time duration and instruction entry.',0.75,9,111,0),(730,150,'2008-06-18 18:45:00','2008-06-18 20:00:00','Monthly View',1.25,9,111,0),(731,150,'2008-06-26 06:58:35','2008-06-26 06:58:35','Monthly View',1,9,111,0),(732,150,'2008-06-30 21:38:00','2008-06-30 22:38:22','Month View Detail handling',1,9,111,0),(733,150,'2008-07-12 17:00:00','2008-07-12 18:37:24','Week View',2,9,111,0),(734,145,'2008-08-01 19:35:00','2008-08-01 20:35:00','New Build Support - Fix Washington DC Server',1,8,-1,0),(735,150,'2008-08-12 14:37:00','2008-08-12 16:37:00','Edit Panels',2,9,111,0),(736,151,'2008-08-27 19:30:00','2008-08-27 20:45:00','Add notice to mail, comment images',1.25,8,-1,0);
UNLOCK TABLES;
/*!40000 ALTER TABLE `Time` ENABLE KEYS */;

--
-- Table structure for table `Units`
--

DROP TABLE IF EXISTS `Units`;
CREATE TABLE `Units` (
  `Id` bigint(20) NOT NULL auto_increment,
  `Name` text,
  `Abreviation` text,
  PRIMARY KEY  (`Id`)
) ENGINE=MyISAM DEFAULT CHARSET=latin1;

--
-- Dumping data for table `Units`
--


/*!40000 ALTER TABLE `Units` DISABLE KEYS */;
LOCK TABLES `Units` WRITE;
UNLOCK TABLES;
/*!40000 ALTER TABLE `Units` ENABLE KEYS */;

--
-- Table structure for table `Work`
--

DROP TABLE IF EXISTS `Work`;
CREATE TABLE `Work` (
  `Id` bigint(20) NOT NULL auto_increment,
  `Name` text,
  `Description` text,
  `Query` bigint(20) default NULL,
  `User` bigint(20) default NULL,
  `User_Group` bigint(20) default NULL,
  `User_Role` bigint(20) default NULL,
  `URL` text,
  `Search` text,
  PRIMARY KEY  (`Id`)
) ENGINE=MyISAM DEFAULT CHARSET=latin1;

--
-- Dumping data for table `Work`
--


/*!40000 ALTER TABLE `Work` DISABLE KEYS */;
LOCK TABLES `Work` WRITE;
UNLOCK TABLES;
/*!40000 ALTER TABLE `Work` ENABLE KEYS */;

--
-- Table structure for table `groups`
--

DROP TABLE IF EXISTS `groups`;
CREATE TABLE `groups` (
  `id` bigint(20) NOT NULL auto_increment,
  `name` text,
  `site_admin` int(11) default NULL,
  PRIMARY KEY  (`id`)
) ENGINE=MyISAM DEFAULT CHARSET=latin1;

--
-- Dumping data for table `groups`
--


/*!40000 ALTER TABLE `groups` DISABLE KEYS */;
LOCK TABLES `groups` WRITE;
INSERT INTO `groups` VALUES (1,'Site Editor',1),(2,'Non-Administrative User',0);
UNLOCK TABLES;
/*!40000 ALTER TABLE `groups` ENABLE KEYS */;

--
-- Table structure for table `role_services`
--

DROP TABLE IF EXISTS `role_services`;
CREATE TABLE `role_services` (
  `id` bigint(20) NOT NULL auto_increment,
  `role_id` bigint(20) default NULL,
  `service_id` bigint(20) default NULL,
  `enabled` int(11) default NULL,
  `xml_params` text,
  PRIMARY KEY  (`id`)
) ENGINE=MyISAM DEFAULT CHARSET=latin1;

--
-- Dumping data for table `role_services`
--


/*!40000 ALTER TABLE `role_services` DISABLE KEYS */;
LOCK TABLES `role_services` WRITE;
INSERT INTO `role_services` VALUES (1,1,1,1,''),(2,1,2,1,''),(3,1,3,1,''),(4,1,4,1,''),(5,1,5,1,''),(6,1,6,1,''),(7,1,7,1,''),(8,1,8,1,''),(9,1,9,1,''),(10,1,10,1,''),(11,1,11,1,''),(12,1,12,1,''),(13,2,6,0,'<Task_Order>edit</Task_Order>\r\n<Name>edit</Name>\r\n<Status>edit</Status>\r\n<Percent_Complete>edit</Percent_Complete>\r\n<Detail>show</Detail>\r\n'),(16,1,15,1,''),(14,1,13,1,''),(15,1,14,1,'<Task_Order>edit</Task_Order>\n<Name>edit</Name>\n<Status>edit</Status>\n<Percent_Complete>edit</Percent_Complete>\n<Detail>show</Detail>\n<Time>enter</Time>\n\n');
UNLOCK TABLES;
/*!40000 ALTER TABLE `role_services` ENABLE KEYS */;

--
-- Table structure for table `roles`
--

DROP TABLE IF EXISTS `roles`;
CREATE TABLE `roles` (
  `id` bigint(20) NOT NULL auto_increment,
  `name` text,
  `comment` text,
  PRIMARY KEY  (`id`)
) ENGINE=MyISAM DEFAULT CHARSET=latin1;

--
-- Dumping data for table `roles`
--


/*!40000 ALTER TABLE `roles` DISABLE KEYS */;
LOCK TABLES `roles` WRITE;
INSERT INTO `roles` VALUES (1,'Developer','bootstrapped default developer role'),(2,'Executive','for administering the system'),(3,'Registrar','Please leave this role alone, no servces, to determine who sends and recieves registration mail.');
UNLOCK TABLES;
/*!40000 ALTER TABLE `roles` ENABLE KEYS */;

--
-- Table structure for table `services`
--

DROP TABLE IF EXISTS `services`;
CREATE TABLE `services` (
  `id` bigint(20) NOT NULL auto_increment,
  `sequence` int(11) default NULL,
  `tree_depth` int(11) default NULL,
  `enabled` int(11) default NULL,
  `cat_name` text,
  `menu_name` text,
  `uri` text,
  `target` text,
  `prog_enum` int(11) default NULL,
  PRIMARY KEY  (`id`)
) ENGINE=MyISAM DEFAULT CHARSET=latin1;

--
-- Dumping data for table `services`
--


/*!40000 ALTER TABLE `services` DISABLE KEYS */;
LOCK TABLES `services` WRITE;
INSERT INTO `services` VALUES (1,1,1,1,'Service Authorization','Services','services_liteUI.meta?init=1','_self',55),(2,2,1,1,'Service Authorization','Roles','rolesUI.meta?init=1','_self',65),(3,10,1,1,'Project Management','Companies','CompanyUI.meta?init=1','',110),(4,11,3,1,'Project Management','Contacts','ContactUI.meta?init=1','',120),(5,12,1,1,'Project Management','Projects','ProjectUI.meta?init=1','',130),(6,15,2,1,'Invoicing','Hosting','HostingUI.meta?init=1','',442),(7,201,1,1,'Reports','Design','ReportUI.meta','',200),(8,200,1,1,'Reports','Run','ReportListing.meta','',201),(9,202,4,1,'Reports','Tables','Scheme_TableUI.meta','',202),(10,203,4,1,'Reports','Fields','Scheme_FieldUI.meta','',203),(11,14,2,1,'Invoicing','Invoices','InvoiceUI.meta?init=1','',99),(12,2,1,1,'Service Authorization','Users','ls_usersUI.meta?init=1','',NULL),(13,3,1,1,'Service Authorization','Groups','groupsUI.meta?init=1','_self',66),(14,13,2,1,'Project Management','Tasks','TaskUI.meta?init=1','',500),(15,16,2,1,'Invoicing','Charge','ChargeUI.meta?init=1','',501);
UNLOCK TABLES;
/*!40000 ALTER TABLE `services` ENABLE KEYS */;

--
-- Table structure for table `user_roles`
--

DROP TABLE IF EXISTS `user_roles`;
CREATE TABLE `user_roles` (
  `id` bigint(20) NOT NULL auto_increment,
  `user_id` bigint(20) default NULL,
  `role_id` bigint(20) default NULL,
  `enabled` int(11) default NULL,
  PRIMARY KEY  (`id`)
) ENGINE=MyISAM DEFAULT CHARSET=latin1;

--
-- Dumping data for table `user_roles`
--


/*!40000 ALTER TABLE `user_roles` DISABLE KEYS */;
LOCK TABLES `user_roles` WRITE;
INSERT INTO `user_roles` VALUES (12,1,3,1),(11,1,1,1),(17,2,1,1);
UNLOCK TABLES;
/*!40000 ALTER TABLE `user_roles` ENABLE KEYS */;

--
-- Table structure for table `users`
--

DROP TABLE IF EXISTS `users`;
CREATE TABLE `users` (
  `id` bigint(20) NOT NULL auto_increment,
  `last` text,
  `first` text,
  `login` text,
  `password` text,
  `email` text,
  `phone` text,
  `mobile` text,
  `fax` text,
  `pager` text,
  `xml_preferences` text,
  `group_id` bigint(20) default NULL,
  PRIMARY KEY  (`id`)
) ENGINE=MyISAM DEFAULT CHARSET=latin1;

--
-- Dumping data for table `users`
--


/*!40000 ALTER TABLE `users` DISABLE KEYS */;
LOCK TABLES `users` WRITE;
INSERT INTO `users` VALUES (1,'McCombs','David','davidmc','freedom7','davidmc@w3sys.com','706 581-4607','706 581-4607',NULL,'',NULL,1),(2,'Developer','George','george','develops','gearge@w3sys.com','','','',NULL,NULL,0);
UNLOCK TABLES;
/*!40000 ALTER TABLE `users` ENABLE KEYS */;

/*!40101 SET SQL_MODE=@OLD_SQL_MODE */;
/*!40014 SET FOREIGN_KEY_CHECKS=@OLD_FOREIGN_KEY_CHECKS */;
/*!40014 SET UNIQUE_CHECKS=@OLD_UNIQUE_CHECKS */;
/*!40101 SET CHARACTER_SET_CLIENT=@OLD_CHARACTER_SET_CLIENT */;
/*!40101 SET CHARACTER_SET_RESULTS=@OLD_CHARACTER_SET_RESULTS */;
/*!40101 SET COLLATION_CONNECTION=@OLD_COLLATION_CONNECTION */;
/*!40111 SET SQL_NOTES=@OLD_SQL_NOTES */;

